ID,Owner
1,SWE,,,,,,,,
2,SWE,,,,,,,,
3,SWE,,,,,,,,
4,SWE,,,,,,,,
5,SWE,,,,,,,,
6,DAN,,,,,,,,
7,SWE,,,,,,,,
8,SWE,,,,,,,,
9,SWE,,,,,,,,
10,SWE,,,,,,,,
11,SWE,,,,,,,,
12,DAN,,,,,,,,
13,DAN,,,,,,,,
14,DAN,,,,,,,,
15,DAN,,,,,,,,
16,SWE,,,,,,,,
17,DAN,,,,,,,,
18,SWE,,,,,,,,
19,SWE,,,,,,,,
20,DAN,,,,,,,,
21,DAN,,,,,,,,
22,SWE,,,,,,,,
23,DAN,,,,,,,,
24,DAN,,,,,,,,
25,DAN,,,,,,,,
26,DAN,,,,,,,,
27,SWE,,,,,,,,
28,SWE,,,,,,,,
29,SWE,,,,,,,,
30,SWE,,,,,,,,
31,SWE,,,,,,,,
32,NOV,,,,,,,,
33,SWE,,,,,,,,
34,TEU,,,,,,,,
35,TEU,,,,,,,,
36,TEU,,,,,,,,
37,TEU,,,,,,,,
38,TEU,,,,,,,,
39,TEU,,,,,,,,
40,TEU,,,,,,,,
41,TEU,,,,,,,,
42,TEU,,,,,,,,
43,TEU,,,,,,,,
44,HAM,,,,,,,,
45,HSA,,,,,,,,
46,HSA,,,,,,,,
47,BRA,,,,,,,,
48,BRA,,,,,,,,
49,TEU,,,,,,,,
50,SAX,,,,,,,,
51,SAX,,,,,,,,
52,SAX,,,,,,,,
53,HSA,,,,,,,,
54,HSA,,,,,,,,
55,HSA,,,,,,,,
56,EFR,,,,,,,,
57,SAX,,,,,,,,
58,SAX,,,,,,,,
59,SAX,,,,,,,,
60,SAX,,,,,,,,
61,SAX,,,,,,,,
62,SAX,,,,,,,,
63,SAX,,,,,,,,
64,LBV,,,,,,,,
65,UBV,,,,,,,,
66,WBG,,,,,,,,
67,NUM,,,,,,,,
68,MEM,,,,,,,,
69,NED,,,,,,,,
70,WUR,,,,,,,,
71,ANS,,,,,,,,
72,HAB,,,,,,,,
73,HAB,,,,,,,,
74,BAD,,,,,,,,
75,BAD,,,,,,,,
76,SLZ,,,,,,,,
77,PAL,,,,,,,,
78,MAI,,,,,,,,
79,WBG,,,,,,,,
80,MAI,,,,,,,,
81,HES,,,,,,,,
82,KOL,,,,,,,,
83,MAI,,,,,,,,
84,BRG,,,,,,,,
85,KOL,,,,,,,,
86,NED,,,,,,,,
87,NED,,,,,,,,
88,NED,,,,,,,,
89,NED,,,,,,,,
90,NED,,,,,,,,
91,NED,,,,,,,,
92,NED,,,,,,,,
93,LIE,,,,,,,,
94,NED,,,,,,,,
95,NED,,,,,,,,
96,NED,,,,,,,,
97,NED,,,,,,,,
98,NED,,,,,,,,
99,NED,,,,,,,,
100,NED,,,,,,,,
101,ITA,,,,,,,,
102,ITA,,,,,,,,
103,ITA,,,,,,,,
104,ITA,,,,,,,,
105,ITA,,,,,,,,
106,ITA,,,,,,,,
107,ITA,,,,,,,,
108,ITA,,,,,,,,
109,MAN,,,,,,,,
110,TNT,,,,,,,,
111,ITA,,,,,,,,
112,ITA,,,,,,,,
113,ITA,,,,,,,,
114,ITA,,,,,,,,
115,ITA,,,,,,,,
116,ITA,,,,,,,,
117,ITA,,,,,,,,
118,ITA,,,,,,,,
119,PAP,,,,,,,,
120,ITA,,,,,,,,
121,PAP,,,,,,,,
122,NAP,,,,,,,,
123,PAP,,,,,,,,
124,PRO,,,,,,,,
125,PRO,,,,,,,,
126,PRO,,,,,,,,
127,ITA,,,,,,,,
128,RUM,,,,,,,,
129,CLI,,,,,,,,
130,RUM,,,,,,,,
131,CLI,,,,,,,,
132,HAB,,,,,,,,
133,HAB,,,,,,,,
134,HAB,,,,,,,,
135,CLI,,,,,,,,
136,RUM,,,,,,,,
137,RUM,,,,,,,,
138,RUM,,,,,,,,
139,RUM,,,,,,,,
140,RUM,,,,,,,,
141,RUM,,,,,,,,
142,RUM,,,,,,,,
143,RUM,,,,,,,,
144,RUM,,,,,,,,
145,RUM,,,,,,,,
146,RUM,,,,,,,,
147,RUM,,,,,,,,
148,RUM,,,,,,,,
149,RUM,,,,,,,,
150,RUM,,,,,,,,
151,RUM,,,,,,,,
152,CLI,,,,,,,,
153,HUN,,,,,,,,
154,RUM,,,,,,,,
155,RUM,,,,,,,,
156,RUM,,,,,,,,
157,RUM,,,,,,,,
158,RUM,,,,,,,,
159,RUM,,,,,,,,
160,RUM,,,,,,,,
161,RUM,,,,,,,,
162,RUM,,,,,,,,
163,RUM,,,,,,,,
164,RUM,,,,,,,,
165,HAB,,,,,,,,
166,ITA,,,,,,,,
167,NED,,,,,,,,
168,NED,,,,,,,,
169,IRE,,,,,,,,
170,IRE,,,,,,,,
171,IRE,,,,,,,,
172,IRE,,,,,,,,
173,PRO,,,,,,,,
174,PRO,,,,,,,,
175,PRO,,,,,,,,
176,PRO,,,,,,,,
177,FRA,,,,,,,,
178,PRO,,,,,,,,
179,FRA,,,,,,,,
180,PRO,,,,,,,,
181,FRA,,,,,,,,
182,FRA,,,,,,,,
183,NED,,,,,,,,
184,FRA,,,,,,,,
185,NED,,,,,,,,
186,FRA,,,,,,,,
187,PRO,,,,,,,,
188,LOR,,,,,,,,
189,LOR,,,,,,,,
190,NED,,,,,,,,
191,NED,,,,,,,,
192,PRO,,,,,,,,
193,PRO,,,,,,,,
194,PRO,,,,,,,,
195,PRO,,,,,,,,
196,PRO,,,,,,,,
197,PRO,,,,,,,,
198,PRO,,,,,,,,
199,NED,,,,,,,,
200,PRO,,,,,,,,
201,PRO,,,,,,,,
202,PRO,,,,,,,,
203,FRA,,,,,,,,
204,PRO,,,,,,,,
205,SWI,,,,,,,,
206,CAS,,,,,,,,
207,CAS,,,,,,,,
208,CAS,,,,,,,,
209,CAS,,,,,,,,
210,CAS,,,,,,,,
211,CAS,,,,,,,,
212,PRO,,,,,,,,
213,PRO,,,,,,,,
214,CAS,,,,,,,,
215,CAS,,,,,,,,
216,CAS,,,,,,,,
217,CAS,,,,,,,,
218,CAS,,,,,,,,
219,CAS,,,,,,,,
220,CAS,,,,,,,,
221,CAS,,,,,,,,
222,CAS,,,,,,,,
223,CAS,,,,,,,,
224,CAS,,,,,,,,
225,CAS,,,,,,,,
226,CAS,,,,,,,,
227,POR,,,,,,,,
228,IRE,,,,,,,,
229,POR,,,,,,,,
230,POR,,,,,,,,
231,IRE,,,,,,,,
232,IRE,,,,,,,,
233,IRE,,,,,,,,
234,IRE,,,,,,,,
235,IRE,,,,,,,,
236,IRE,,,,,,,,
237,IRE,,,,,,,,
238,IRE,,,,,,,,
239,IRE,,,,,,,,
240,IRE,,,,,,,,
241,IRE,,,,,,,,
242,IRE,,,,,,,,
243,IRE,,,,,,,,
244,IRE,,,,,,,,
245,IRE,,,,,,,,
246,IRE,,,,,,,,
247,IRE,,,,,,,,
248,SCO,,,,,,,,
249,IRE,,,,,,,,
250,SCO,,,,,,,,
251,SCO,,,,,,,,
252,SCO,,,,,,,,
253,SCO,,,,,,,,
254,TEU,,,,,,,,
255,TEU,,,,,,,,
256,TEU,,,,,,,,
257,TEU,,,,,,,,
258,TEU,,,,,,,,
259,TEU,,,,,,,,
260,TEU,,,,,,,,
261,TEU,,,,,,,,
262,TEU,,,,,,,,
263,SAX,,,,,,,,
264,SAX,,,,,,,,
265,SAX,,,,,,,,
266,BOH,,,,,,,,
267,BOH,,,,,,,,
268,TEU,,,,,,,,
269,LIT,,,,,,,,
270,LIT,,,,,,,,
271,TEU,,,,,,,,
272,LIT,,,,,,,,
273,TEU,,,,,,,,
274,TEU,,,,,,,,
275,TEU,,,,,,,,
276,LIT,,,,,,,,
277,TEU,,,,,,,,
278,LIT,,,,,,,,
279,TEU,,,,,,,,
280,TEU,,,,,,,,
281,TEU,,,,,,,,
282,TEU,,,,,,,,
283,TEU,,,,,,,,
284,CRI,,,,,,,,
285,CRI,,,,,,,,
286,CRI,,,,,,,,
287,CRI,,,,,,,,
288,CRI,,,,,,,,
289,TEU,,,,,,,,
290,TEU,,,,,,,,
291,TEU,,,,,,,,
292,LIT,,,,,,,,
293,TEU,,,,,,,,
294,TEU,,,,,,,,
295,TEU,,,,,,,,
296,LIT,,,,,,,,
297,TEU,,,,,,,,
298,TEU,,,,,,,,
299,TEU,,,,,,,,
300,TEU,,,,,,,,
301,TEU,,,,,,,,
302,CRI,,,,,,,,
303,CRI,,,,,,,,
304,TEU,,,,,,,,
305,CRI,,,,,,,,
306,TEU,,,,,,,,
307,TEU,,,,,,,,
308,MOS,,,,,,,,
309,NOV,,,,,,,,
310,TEU,,,,,,,,
311,TEU,,,,,,,,
312,MOS,,,,,,,,
313,NOV,,,,,,,,
314,MOS,,,,,,,,
315,SWE,,,,,,,,
316,RUM,,,,,,,,
317,RUM,,,,,,,,
318,RUM,,,,,,,,
319,RUM,,,,,,,,
320,KNI,,,,,,,,
321,CYP,,,,,,,,
322,RUM,,,,,,,,
323,RUM,,,,,,,,
324,RUM,,,,,,,,
325,RUM,,,,,,,,
326,RUM,,,,,,,,
327,RUM,,,,,,,,
328,RUM,,,,,,,,
329,RUM,,,,,,,,
330,CRI,,,,,,,,
331,RUM,,,,,,,,
332,RUM,,,,,,,,
333,MJO,,,,,,,,
334,CAS,,,,,,,,
335,PRO,,,,,,,,
336,TUN,,,,,,,,
337,TUN,,,,,,,,
338,TUN,,,,,,,,
339,TUN,,,,,,,,
340,TUN,,,,,,,,
341,TUN,,,,,,,,
342,CAS,,,,,,,,
343,PRO,,,,,,,,
344,MOR,,,,,,,,
345,MOR,,,,,,,,
346,TUN,,,,,,,,
347,PRO,,,,,,,,
348,TUN,,,,,,,,
349,TUN,,,,,,,,
350,TUN,,,,,,,,
351,TUN,,,,,,,,
352,TUN,,,,,,,,
353,TUN,,,,,,,,
354,TUN,,,,,,,,
355,TUN,,,,,,,,
356,TUN,,,,,,,,
357,MAM,,,,,,,,
358,RUM,,,,,,,,
359,MAM,,,,,,,,
360,MAM,,,,,,,,
361,RUM,,,,,,,,
362,RUM,,,,,,,,
363,RUM,,,,,,,,
364,RUM,,,,,,,,
365,TUN,,,,,,,,
366,CAS,,,,,,,,
367,IRE,,,,,,,,
368,IRE,,,,,,,,
369,IRE,,,,,,,,
370,DAN,,,,,,,,
371,DAN,,,,,,,,
372,IRE,,,,,,,,
373,IRE,,,,,,,,
374,IRE,,,,,,,,
375,IRE,,,,,,,,
376,IRE,,,,,,,,
377,SYR,,,,,,,,
378,SYR,,,,,,,,
379,MAM,,,,,,,,
380,MAM,,,,,,,,
381,MAM,,,,,,,,
382,SYR,,,,,,,,
383,MAM,,,,,,,,
384,MDA,,,,,,,,
385,MAM,,,,,,,,
386,YEM,,,,,,,,
387,YEM,,,,,,,,
388,YEM,,,,,,,,
389,HDR,,,,,,,,
390,YEM,,,,,,,,
391,YEM,,,,,,,,
392,ALH,,,,,,,,
393,TUN,,,,,,,,
394,HDR,,,,,,,,
395,HDR,,,,,,,,
396,ALH,,,,,,,,
397,HDR,,,,,,,,
398,ALH,,,,,,,,
399,ORM,,,,,,,,
400,TUN,,,,,,,,
401,HDR,,,,,,,,
402,HDR,,,,,,,,
403,ORM,,,,,,,,
404,ALH,,,,,,,,
405,SYR,,,,,,,,
406,QOM,,,,,,,,
407,SYR,,,,,,,,
408,CRI,,,,,,,,
409,QOM,,,,,,,,
410,QOM,,,,,,,,
411,CRI,,,,,,,,
412,CRI,,,,,,,,
413,CRI,,,,,,,,
414,CRI,,,,,,,,
415,QOM,,,,,,,,
416,QOM,,,,,,,,
417,CRI,,,,,,,,
418,CRI,,,,,,,,
419,CRI,,,,,,,,
420,CRI,,,,,,,,
421,CRI,,,,,,,,
422,CRI,,,,,,,,
423,CRI,,,,,,,,
424,QOM,,,,,,,,
425,CRI,,,,,,,,
426,CRI,,,,,,,,
427,TIM,,,,,,,,
428,CRI,,,,,,,,
429,QOM,,,,,,,,
430,FRS,,,,,,,,
431,TIM,,,,,,,,
432,TIM,,,,,,,,
433,CRI,,,,,,,,
434,TUN,,,,,,,,
435,SIS,,,,,,,,
436,TRS,,,,,,,,
437,KHI,,,,,,,,
438,KHI,,,,,,,,
439,CRI,,,,,,,,
440,KHI,,,,,,,,
441,KHI,,,,,,,,
442,KHI,,,,,,,,
443,CRI,,,,,,,,
444,KHI,,,,,,,,
445,TRS,,,,,,,,
446,TRS,,,,,,,,
447,AFG,,,,,,,,
448,AFG,,,,,,,,
449,AFG,,,,,,,,
450,AFG,,,,,,,,
451,AFG,,,,,,,,
452,CHG,,,,,,,,
453,TRS,,,,,,,,
454,TRS,,,,,,,,
455,KHI,,,,,,,,
456,CHG,,,,,,,,
457,TRS,,,,,,,,
458,TRS,,,,,,,,
459,CHG,,,,,,,,
460,CHG,,,,,,,,
461,CHG,,,,,,,,
462,CRI,,,,,,,,
463,CRI,,,,,,,,
464,CRI,,,,,,,,
465,CRI,,,,,,,,
466,CRI,,,,,,,,
467,CRI,,,,,,,,
468,CRI,,,,,,,,
469,CRI,,,,,,,,
470,TEU,,,,,,,,
471,TEU,,,,,,,,
472,TEU,,,,,,,,
473,TEU,,,,,,,,
474,TEU,,,,,,,,
475,KAZ,,,,,,,,
476,NOG,,,,,,,,
477,CHG,,,,,,,,
478,CHG,,,,,,,,
479,CHG,,,,,,,,
480,CHG,,,,,,,,
481,POR,,,,,,,,
482,NONE,,,,,,,,
483,NONE,,,,,,,,
484,CAS,,,,,,,,
485,C00,,,,,,,,
486,C00,,,,,,,,
487,C00,,,,,,,,
488,C00,,,,,,,,
489,C00,,,,,,,,
490,C00,,,,,,,,
491,C00,,,,,,,,
492,C00,,,,,,,,
493,C00,,,,,,,,
494,C00,,,,,,,,
495,NONE,,,,,,,,
496,NONE,,,,,,,,
497,C00,,,,,,,,
498,C00,,,,,,,,
499,C00,,,,,,,,
500,C00,,,,,,,,
501,C00,,,,,,,,
502,NONE,,,,,,,,
503,GUJ,,,,,,,,
504,TUN,,,,,,,,
505,TUN,,,,,,,,
506,DLH,,,,,,,,
507,DLH,,,,,,,,
508,DLH,,,,,,,,
509,DLH,,,,,,,,
510,DLH,,,,,,,,
511,DLH,,,,,,,,
512,DLH,,,,,,,,
513,JSL,,,,,,,,
514,TUN,,,,,,,,
515,GUJ,,,,,,,,
516,GUJ,,,,,,,,
517,GUJ,,,,,,,,
518,TUN,,,,,,,,
519,TUN,,,,,,,,
520,DLH,,,,,,,,
521,GUJ,,,,,,,,
522,DLH,,,,,,,,
523,DLH,,,,,,,,
524,TUN,,,,,,,,
525,DLH,,,,,,,,
526,MLW,,,,,,,,
527,BAH,,,,,,,,
528,TUN,,,,,,,,
529,BAH,,,,,,,,
530,VIJ,,,,,,,,
531,VIJ,,,,,,,,
532,BAH,,,,,,,,
533,VIJ,,,,,,,,
534,VIJ,,,,,,,,
535,VIJ,,,,,,,,
536,VIJ,,,,,,,,
537,VIJ,,,,,,,,
538,VIJ,,,,,,,,
539,VIJ,,,,,,,,
540,VIJ,,,,,,,,
541,VIJ,,,,,,,,
542,BAH,,,,,,,,
543,BAH,,,,,,,,
544,BAH,,,,,,,,
545,BAH,,,,,,,,
546,BAH,,,,,,,,
547,ORI,,,,,,,,
548,BAH,,,,,,,,
549,BAH,,,,,,,,
550,MLW,,,,,,,,
551,MLW,,,,,,,,
552,ORI,,,,,,,,
553,ORI,,,,,,,,
554,BNG,,,,,,,,
555,JNP,,,,,,,,
556,DLH,,,,,,,,
557,GUG,,,,,,,,
558,ORI,,,,,,,,
559,DLH,,,,,,,,
560,ORI,,,,,,,,
561,BNG,,,,,,,,
562,BNG,,,,,,,,
563,BNG,,,,,,,,
564,BNG,,,,,,,,
565,PHA,,,,,,,,
566,BNG,,,,,,,,
567,BNG,,,,,,,,
568,BNG,,,,,,,,
569,BAH,,,,,,,,
570,BNG,,,,,,,,
571,BNG,,,,,,,,
572,VIJ,,,,,,,,
573,BNG,,,,,,,,
574,NONE,,,,,,,,
575,BAL,,,,,,,,
576,TUN,,,,,,,,
577,BAL,,,,,,,,
578,AFG,,,,,,,,
579,ARK,,,,,,,,
580,BNG,,,,,,,,
581,BNG,,,,,,,,
582,HSE,,,,,,,,
583,HSE,,,,,,,,
584,BNG,,,,,,,,
585,AYU,,,,,,,,
586,AYU,,,,,,,,
587,HSE,,,,,,,,
588,HSE,,,,,,,,
589,AYU,,,,,,,,
590,AYU,,,,,,,,
591,AYU,,,,,,,,
592,AYU,,,,,,,,
593,AYU,,,,,,,,
594,KED,,,,,,,,
595,MLC,,,,,,,,
596,MLC,,,,,,,,
597,MLC,,,,,,,,
598,PAH,,,,,,,,
599,KED,,,,,,,,
600,AYU,,,,,,,,
601,AYU,,,,,,,,
602,AYU,,,,,,,,
603,AYU,,,,,,,,
604,KHM,,,,,,,,
605,AYU,,,,,,,,
606,AYU,,,,,,,,
607,DAI,,,,,,,,
608,AYU,,,,,,,,
609,AYU,,,,,,,,
610,DAI,,,,,,,,
611,LXA,,,,,,,,
612,AYU,,,,,,,,
613,DAI,,,,,,,,
614,AYU,,,,,,,,
615,AYU,,,,,,,,
616,DAI,,,,,,,,
617,PSA,,,,,,,,
618,PSA,,,,,,,,
619,PSA,,,,,,,,
620,MLC,,,,,,,,
621,NONE,,,,,,,,
622,MLC,,,,,,,,
623,MLC,,,,,,,,
624,SUN,,,,,,,,
625,SUN,,,,,,,,
626,SUN,,,,,,,,
627,BLM,,,,,,,,
628,SUN,,,,,,,,
629,SUN,,,,,,,,
630,SUN,,,,,,,,
631,BLI,,,,,,,,
632,NONE,,,,,,,,
633,NONE,,,,,,,,
634,NONE,,,,,,,,
635,NONE,,,,,,,,
636,BEI,,,,,,,,
637,BEI,,,,,,,,
638,KUT,,,,,,,,
639,BNJ,,,,,,,,
640,LFA,,,,,,,,
641,BNE,,,,,,,,
642,BNE,,,,,,,,
643,NONE,,,,,,,,
644,NONE,,,,,,,,
645,NONE,,,,,,,,
646,NONE,,,,,,,,
647,NONE,,,,,,,,
648,NONE,,,,,,,,
649,TER,,,,,,,,
650,TID,,,,,,,,
651,SUL,,,,,,,,
652,MGD,,,,,,,,
653,MGD,,,,,,,,
654,NONE,,,,,,,,
655,BEI,,,,,,,,
656,MNA,,,,,,,,
657,NONE,,,,,,,,
658,NONE,,,,,,,,
659,LFA,,,,,,,,
660,MMA,,,,,,,,
661,MMA,,,,,,,,
662,AYU,,,,,,,,
663,AYU,,,,,,,,
664,YUE,,,,,,,,
665,YUE,,,,,,,,
666,YUE,,,,,,,,
667,YUE,,,,,,,,
668,WUU,,,,,,,,
669,WUU,,,,,,,,
670,WUU,,,,,,,,
671,LNG,,,,,,,,
672,CXI,,,,,,,,
673,CDL,,,,,,,,
674,AYU,,,,,,,,
675,AYU,,,,,,,,
676,PHA,,,,,,,,
677,PHA,,,,,,,,
678,KAM,,,,,,,,
679,SHU,,,,,,,,
680,SHU,,,,,,,,
681,SHU,,,,,,,,
682,LNG,,,,,,,,
683,WUU,,,,,,,,
684,WUU,,,,,,,,
685,MNG,,,,,,,,
686,MNG,,,,,,,,
687,LNG,,,,,,,,
688,LNG,,,,,,,,
689,CSH,,,,,,,,
690,QIC,,,,,,,,
691,QIC,,,,,,,,
692,JIN,,,,,,,,
693,CSH,,,,,,,,
694,CSH,,,,,,,,
695,CSH,,,,,,,,
696,CSH,,,,,,,,
697,CSH,,,,,,,,
698,CSH,,,,,,,,
699,CHG,,,,,,,,
700,CSH,,,,,,,,
701,CSH,,,,,,,,
702,CSH,,,,,,,,
703,KRC,,,,,,,,
704,CSH,,,,,,,,
705,PHA,,,,,,,,
706,CHG,,,,,,,,
707,CHG,,,,,,,,
708,CHG,,,,,,,,
709,OIR,,,,,,,,
710,KAS,,,,,,,,
711,KAS,,,,,,,,
712,KAS,,,,,,,,
713,CHG,,,,,,,,
714,CHG,,,,,,,,
715,CHG,,,,,,,,
716,OIR,,,,,,,,
717,OIR,,,,,,,,
718,OIR,,,,,,,,
719,OIR,,,,,,,,
720,OIR,,,,,,,,
721,OIR,,,,,,,,
722,KRC,,,,,,,,
723,OIR,,,,,,,,
724,OIR,,,,,,,,
725,MYR,,,,,,,,
726,CSH,,,,,,,,
727,MYR,,,,,,,,
728,MYR,,,,,,,,
729,NHX,,,,,,,,
730,MHX,,,,,,,,
731,MJZ,,,,,,,,
732,KOR,,,,,,,,
733,KOR,,,,,,,,
734,KOR,,,,,,,,
735,KOR,,,,,,,,
736,KOR,,,,,,,,
737,KOR,,,,,,,,
738,WUU,,,,,,,,
739,KAS,,,,,,,,
740,MLW,,,,,,,,
741,NONE,,,,,,,,
742,NONE,,,,,,,,
743,NONE,,,,,,,,
744,NONE,,,,,,,,
745,NONE,,,,,,,,
746,NONE,,,,,,,,
747,NONE,,,,,,,,
748,NONE,,,,,,,,
749,NONE,,,,,,,,
750,NONE,,,,,,,,
751,PTG,,,,,,,,
752,NONE,,,,,,,,
753,NONE,,,,,,,,
754,POR,,,,,,,,
755,POR,,,,,,,,
756,TPQ,,,,,,,,
757,NONE,,,,,,,,
758,NONE,,,,,,,,
759,NONE,,,,,,,,
760,NONE,,,,,,,,
761,NONE,,,,,,,,
762,TUA,,,,,,,,
763,NONE,,,,,,,,
764,NONE,,,,,,,,
765,NONE,,,,,,,,
766,NONE,,,,,,,,
767,TEU,,,,,,,,
768,NONE,,,,,,,,
769,NONE,,,,,,,,
770,TEU,,,,,,,,
771,LIT,,,,,,,,
772,C03,,,,,,,,
773,C03,,,,,,,,
774,YAO,,,,,,,,
775,NONE,,,,,,,,
776,NONE,,,,,,,,
777,NONE,,,,,,,,
778,C03,,,,,,,,
779,C03,,,,,,,,
780,NONE,,,,,,,,
781,NONE,,,,,,,,
782,NONE,,,,,,,,
783,MPC,,,,,,,,
784,NONE,,,,,,,,
785,NONE,,,,,,,,
786,NONE,,,,,,,,
787,NONE,,,,,,,,
788,ZAN,,,,,,,,
789,NONE,,,,,,,,
790,C03,,,,,,,,
791,CUA,,,,,,,,
792,NONE,,,,,,,,
793,NONE,,,,,,,,
794,CRA,,,,,,,,
795,CRA,,,,,,,,
796,NONE,,,,,,,,
797,PCJ,,,,,,,,
798,KON,,,,,,,,
799,NONE,,,,,,,,
800,NONE,,,,,,,,
801,NONE,,,,,,,,
802,CSU,,,,,,,,
803,NONE,,,,,,,,
804,CSU,,,,,,,,
805,NONE,,,,,,,,
806,NONE,,,,,,,,
807,CSU,,,,,,,,
808,CSU,,,,,,,,
809,ICM,,,,,,,,
810,CSU,,,,,,,,
811,CSU,,,,,,,,
812,CHM,,,,,,,,
813,HJA,,,,,,,,
814,HJA,,,,,,,,
815,NONE,,,,,,,,
816,CHM,,,,,,,,
817,CYA,,,,,,,,
818,NONE,,,,,,,,
819,CHM,,,,,,,,
820,CYA,,,,,,,,
821,NONE,,,,,,,,
822,NONE,,,,,,,,
823,NONE,,,,,,,,
824,NONE,,,,,,,,
825,MCA,,,,,,,,
826,NONE,,,,,,,,
827,NONE,,,,,,,,
828,NONE,,,,,,,,
829,NONE,,,,,,,,
830,NONE,,,,,,,,
831,CAB,,,,,,,,
832,MCA,,,,,,,,
833,NONE,,,,,,,,
834,NONE,,,,,,,,
835,NONE,,,,,,,,
836,NONE,,,,,,,,
837,NONE,,,,,,,,
838,NONE,,,,,,,,
839,CHT,,,,,,,,
840,NONE,,,,,,,,
841,KIC,,,,,,,,
842,ITZ,,,,,,,,
843,CTM,,,,,,,,
844,LAC,,,,,,,,
845,CNP,,,,,,,,
846,COC,,,,,,,,
847,MIX,,,,,,,,
848,HST,,,,,,,,
849,TLA,,,,,,,,
850,TLX,,,,,,,,
851,TLA,,,,,,,,
852,AZT,,,,,,,,
853,AZT,,,,,,,,
854,XAL,,,,,,,,
855,YAQ,,,,,,,,
856,NONE,,,,,,,,
857,NONE,,,,,,,,
858,HST,,,,,,,,
859,NONE,,,,,,,,
860,MSC,,,,,,,,
861,NONE,,,,,,,,
862,NONE,,,,,,,,
863,NONE,,,,,,,,
864,LIP,,,,,,,,
865,NONE,,,,,,,,
866,NONE,,,,,,,,
867,ZNI,,,,,,,,
868,ZNI,,,,,,,,
869,NONE,,,,,,,,
870,NONE,,,,,,,,
871,NONE,,,,,,,,
872,CNK,,,,,,,,
873,NONE,,,,,,,,
874,NONE,,,,,,,,
875,NAH,,,,,,,,
876,ZNI,,,,,,,,
877,PIM,,,,,,,,
878,NONE,,,,,,,,
879,NONE,,,,,,,,
880,OHK,,,,,,,,
881,NONE,,,,,,,,
882,NONE,,,,,,,,
883,NONE,,,,,,,,
884,HNI,,,,,,,,
885,ISL,,,,,,,,
886,NONE,,,,,,,,
887,HNI,,,,,,,,
888,HNI,,,,,,,,
889,ISL,,,,,,,,
890,NONE,,,,,,,,
891,NONE,,,,,,,,
892,NONE,,,,,,,,
893,NTC,,,,,,,,
894,NTC,,,,,,,,
895,ANL,,,,,,,,
896,NONE,,,,,,,,
897,CAQ,,,,,,,,
898,NONE,,,,,,,,
899,F00,,,,,,,,
900,CAO,,,,,,,,
901,NONE,,,,,,,,
902,PAW,,,,,,,,
903,LAK,,,,,,,,
904,CHY,,,,,,,,
905,NONE,,,,,,,,
906,WCY,,,,,,,,
907,NONE,,,,,,,,
908,NONE,,,,,,,,
909,NONE,,,,,,,,
910,NONE,,,,,,,,
911,HUR,,,,,,,,
912,NONE,,,,,,,,
913,NONE,,,,,,,,
914,NONE,,,,,,,,
915,OEO,,,,,,,,
916,NONE,,,,,,,,
917,OJI,,,,,,,,
918,F00,,,,,,,,
919,ATA,,,,,,,,
920,CHO,,,,,,,,
921,CHO,,,,,,,,
922,ATA,,,,,,,,
923,COW,,,,,,,,
924,ATA,,,,,,,,
925,COW,,,,,,,,
926,ICH,,,,,,,,
927,ICH,,,,,,,,
928,ICH,,,,,,,,
929,ICH,,,,,,,,
930,COW,,,,,,,,
931,COO,,,,,,,,
932,ALT,,,,,,,,
933,NONE,,,,,,,,
934,F00,,,,,,,,
935,CIA,,,,,,,,
936,CHO,,,,,,,,
937,NONE,,,,,,,,
938,POW,,,,,,,,
939,F00,,,,,,,,
940,NONE,,,,,,,,
941,F00,,,,,,,,
942,DAN,,,,,,,,
943,NONE,,,,,,,,
944,NONE,,,,,,,,
945,HUR,,,,,,,,
946,NONE,,,,,,,,
947,KSK,,,,,,,,
948,NONE,,,,,,,,
949,NONE,,,,,,,,
950,POW,,,,,,,,
951,NONE,,,,,,,,
952,POW,,,,,,,,
953,POW,,,,,,,,
954,NONE,,,,,,,,
955,NONE,,,,,,,,
956,C02,,,,,,,,
957,HWK,,,,,,,,
958,HUR,,,,,,,,
959,HUR,,,,,,,,
960,IRO,,,,,,,,
961,NONE,,,,,,,,
962,C02,,,,,,,,
963,PEQ,,,,,,,,
964,IRO,,,,,,,,
965,C02,,,,,,,,
966,NONE,,,,,,,,
967,NONE,,,,,,,,
968,C02,,,,,,,,
969,NONE,,,,,,,,
970,NONE,,,,,,,,
971,NONE,,,,,,,,
972,NONE,,,,,,,,
973,NONE,,,,,,,,
974,SAL,,,,,,,,
975,NONE,,,,,,,,
976,NONE,,,,,,,,
977,NONE,,,,,,,,
978,NONE,,,,,,,,
979,NONE,,,,,,,,
980,IRE,,,,,,,,
981,C01,,,,,,,,
982,NONE,,,,,,,,
983,C01,,,,,,,,
984,NONE,,,,,,,,
985,NONE,,,,,,,,
986,C01,,,,,,,,
987,HUR,,,,,,,,
988,HUR,,,,,,,,
989,HUR,,,,,,,,
990,HUR,,,,,,,,
991,NONE,,,,,,,,
992,MSG,,,,,,,,
993,HUR,,,,,,,,
994,C01,,,,,,,,
995,C01,,,,,,,,
996,NONE,,,,,,,,
997,NONE,,,,,,,,
998,NONE,,,,,,,,
999,NONE,,,,,,,,
1000,NONE,,,,,,,,
1001,NONE,,,,,,,,
1002,NONE,,,,,,,,
1003,NONE,,,,,,,,
1004,WCR,,,,,,,,
1005,C01,,,,,,,,
1006,NONE,,,,,,,,
1007,NONE,,,,,,,,
1008,NONE,,,,,,,,
1009,NONE,,,,,,,,
1010,ASI,,,,,,,,
1011,NONE,,,,,,,,
1012,JAP,,,,,,,,
1013,KOR,,,,,,,,
1014,JAP,,,,,,,,
1015,JAP,,,,,,,,
1016,DAI,,,,,,,,
1017,JAP,,,,,,,,
1018,JAP,,,,,,,,
1019,JAP,,,,,,,,
1020,JAP,,,,,,,,
1021,JAP,,,,,,,,
1022,DAI,,,,,,,,
1023,JAP,,,,,,,,
1024,JAP,,,,,,,,
1025,JAP,,,,,,,,
1026,JAP,,,,,,,,
1027,JAP,,,,,,,,
1028,JAP,,,,,,,,
1029,JAP,,,,,,,,
1030,JAP,,,,,,,,
1031,NHX,,,,,,,,
1032,JAP,,,,,,,,
1033,NHX,,,,,,,,
1034,KMC,,,,,,,,
1035,CHU,,,,,,,,
1036,NONE,,,,,,,,
1037,NONE,,,,,,,,
1038,HOD,,,,,,,,
1039,NONE,,,,,,,,
1040,NONE,,,,,,,,
1041,NONE,,,,,,,,
1042,NONE,,,,,,,,
1043,NONE,,,,,,,,
1044,NONE,,,,,,,,
1045,NONE,,,,,,,,
1046,NONE,,,,,,,,
1047,NONE,,,,,,,,
1048,MYR,,,,,,,,
1049,OIR,,,,,,,,
1050,MYR,,,,,,,,
1051,NONE,,,,,,,,
1052,NONE,,,,,,,,
1053,OIR,,,,,,,,
1054,NONE,,,,,,,,
1055,NONE,,,,,,,,
1056,NONE,,,,,,,,
1057,NONE,,,,,,,,
1058,OIR,,,,,,,,
1059,NONE,,,,,,,,
1060,NONE,,,,,,,,
1061,NONE,,,,,,,,
1062,NONE,,,,,,,,
1063,NONE,,,,,,,,
1064,NONE,,,,,,,,
1065,OIR,,,,,,,,
1066,CHG,,,,,,,,
1067,NONE,,,,,,,,
1068,NONE,,,,,,,,
1069,NONE,,,,,,,,
1070,NONE,,,,,,,,
1071,OIR,,,,,,,,
1072,NONE,,,,,,,,
1073,NONE,,,,,,,,
1074,OIR,,,,,,,,
1075,SIB,,,,,,,,
1076,SIB,,,,,,,,
1077,KAZ,,,,,,,,
1078,NONE,,,,,,,,
1079,KAZ,,,,,,,,
1080,NONE,,,,,,,,
1081,TEU,,,,,,,,
1082,CRI,,,,,,,,
1083,MOS,,,,,,,,
1084,NOO,,,,,,,,
1085,KAU,,,,,,,,
1086,NONE,,,,,,,,
1087,NONE,,,,,,,,
1088,NONE,,,,,,,,
1089,NONE,,,,,,,,
1090,EOR,,,,,,,,
1091,MIA,,,,,,,,
1092,NONE,,,,,,,,
1093,NONE,,,,,,,,
1094,NONE,,,,,,,,
1095,CAS,,,,,,,,
1096,IRE,,,,,,,,
1097,NONE,,,,,,,,
1098,NONE,,,,,,,,
1099,HDR,,,,,,,,
1100,NONE,,,,,,,,
1101,NONE,,,,,,,,
1102,NONE,,,,,,,,
1103,NONE,,,,,,,,
1104,NONE,,,,,,,,
1105,NONE,,,,,,,,
1106,TTT,,,,,,,,
1107,TNK,,,,,,,,
1108,TEA,,,,,,,,
1109,NONE,,,,,,,,
1110,TUN,,,,,,,,
1111,CAS,,,,,,,,
1112,CAS,,,,,,,,
1113,CAS,,,,,,,,
1114,CAS,,,,,,,,
1115,CAS,,,,,,,,
1116,CAS,,,,,,,,
1117,CAS,,,,,,,,
1118,NONE,,,,,,,,
1119,NONE,,,,,,,,
1120,CAS,,,,,,,,
1121,CAS,,,,,,,,
1122,CAS,,,,,,,,
1123,CAS,,,,,,,,
1124,CAS,,,,,,,,
1125,KNG,,,,,,,,
1126,NONE,,,,,,,,
1127,NONE,,,,,,,,
1128,SON,,,,,,,,
1129,SON,,,,,,,,
1130,SON,,,,,,,,
1131,CAS,,,,,,,,
1132,SON,,,,,,,,
1133,SON,,,,,,,,
1134,SON,,,,,,,,
1135,SON,,,,,,,,
1136,SON,,,,,,,,
1137,SON,,,,,,,,
1138,DGB,,,,,,,,
1139,IRE,,,,,,,,
1140,DGB,,,,,,,,
1141,IRE,,,,,,,,
1142,SON,,,,,,,,
1143,SON,,,,,,,,
1144,OYO,,,,,,,,
1145,OYO,,,,,,,,
1146,OYO,,,,,,,,
1147,IRE,,,,,,,,
1148,KAN,,,,,,,,
1149,KAN,,,,,,,,
1150,SON,,,,,,,,
1151,NONE,,,,,,,,
1152,BEN,,,,,,,,
1153,OYO,,,,,,,,
1154,ZZZ,,,,,,,,
1155,KAN,,,,,,,,
1156,YAO,,,,,,,,
1157,YAO,,,,,,,,
1158,YAO,,,,,,,,
1159,YAO,,,,,,,,
1160,YAO,,,,,,,,
1161,NONE,,,,,,,,
1162,NONE,,,,,,,,
1163,NONE,,,,,,,,
1164,NONE,,,,,,,,
1165,NONE,,,,,,,,
1166,KON,,,,,,,,
1167,NONE,,,,,,,,
1168,KON,,,,,,,,
1169,KON,,,,,,,,
1170,KON,,,,,,,,
1171,KON,,,,,,,,
1172,NONE,,,,,,,,
1173,NONE,,,,,,,,
1174,NONE,,,,,,,,
1175,NONE,,,,,,,,
1176,NONE,,,,,,,,
1177,IRE,,,,,,,,
1178,NONE,,,,,,,,
1179,NONE,,,,,,,,
1180,NONE,,,,,,,,
1181,NONE,,,,,,,,
1182,NONE,,,,,,,,
1183,NONE,,,,,,,,
1184,ZAN,,,,,,,,
1185,ZAN,,,,,,,,
1186,ZAN,,,,,,,,
1187,ZAN,,,,,,,,
1188,ZAN,,,,,,,,
1189,ZAN,,,,,,,,
1190,ZAN,,,,,,,,
1191,ZAN,,,,,,,,
1192,ZAN,,,,,,,,
1193,SKA,,,,,,,,
1194,SKA,,,,,,,,
1195,ZAN,,,,,,,,
1196,ZAN,,,,,,,,
1197,ZAN,,,,,,,,
1198,ZAN,,,,,,,,
1199,ZAN,,,,,,,,
1200,MBA,,,,,,,,
1201,ZAN,,,,,,,,
1202,MBA,,,,,,,,
1203,MBA,,,,,,,,
1204,MBA,,,,,,,,
1205,AJU,,,,,,,,
1206,AJU,,,,,,,,
1207,AJU,,,,,,,,
1208,ADA,,,,,,,,
1209,AJU,,,,,,,,
1210,ADA,,,,,,,,
1211,ADA,,,,,,,,
1212,ADA,,,,,,,,
1213,ETH,,,,,,,,
1214,ETH,,,,,,,,
1215,ADA,,,,,,,,
1216,YAO,,,,,,,,
1217,ETH,,,,,,,,
1218,ETH,,,,,,,,
1219,YAO,,,,,,,,
1220,YAO,,,,,,,,
1221,YAO,,,,,,,,
1222,NUB,,,,,,,,
1223,ETH,,,,,,,,
1224,ETH,,,,,,,,
1225,ETH,,,,,,,,
1226,ETH,,,,,,,,
1227,ETH,,,,,,,,
1228,MAK,,,,,,,,
1229,ETH,,,,,,,,
1230,MED,,,,,,,,
1231,MAM,,,,,,,,
1232,ETH,,,,,,,,
1233,MAM,,,,,,,,
1234,ETH,,,,,,,,
1235,NONE,,,,,,,,
1236,NONE,,,,,,,,
1237,NONE,,,,,,,,
1238,NONE,,,,,,,,
1239,NONE,,,,,,,,
1240,HAW,,,,,,,,
1241,NONE,,,,,,,,
1242,VIL,,,,,,,,
1243,SAM,,,,,,,,
1244,NONE,,,,,,,,
1245,NONE,,,,,,,,
1246,NONE,,,,,,,,
1247,ITA,,,,,,,,
1248,DGL,,,,,,,,
1249,NONE,,,,,,,,
1250,NONE,,,,,,,,
1251,NONE,,,,,,,,
1252,NONE,,,,,,,,
1253,NONE,,,,,,,,
1254,NONE,,,,,,,,
1255,NONE,,,,,,,,
1256,NONE,,,,,,,,
1257,NONE,,,,,,,,
1258,NONE,,,,,,,,
1259,NONE,,,,,,,,
1260,NONE,,,,,,,,
1261,NONE,,,,,,,,
1262,NONE,,,,,,,,
1263,NONE,,,,,,,,
1264,NONE,,,,,,,,
1265,NONE,,,,,,,,
1266,NONE,,,,,,,,
1267,NONE,,,,,,,,
1268,NONE,,,,,,,,
1269,NONE,,,,,,,,
1270,NONE,,,,,,,,
1271,NONE,,,,,,,,
1272,NONE,,,,,,,,
1273,NONE,,,,,,,,
1274,NONE,,,,,,,,
1275,NONE,,,,,,,,
1276,NONE,,,,,,,,
1277,NONE,,,,,,,,
1278,NONE,,,,,,,,
1279,NONE,,,,,,,,
1280,NONE,,,,,,,,
1281,NONE,,,,,,,,
1282,NONE,,,,,,,,
1283,NONE,,,,,,,,
1284,NONE,,,,,,,,
1285,NONE,,,,,,,,
1286,NONE,,,,,,,,
1287,NONE,,,,,,,,
1288,NONE,,,,,,,,
1289,NONE,,,,,,,,
1290,NONE,,,,,,,,
1291,NONE,,,,,,,,
1292,NONE,,,,,,,,
1293,NONE,,,,,,,,
1294,NONE,,,,,,,,
1295,NONE,,,,,,,,
1296,NONE,,,,,,,,
1297,NONE,,,,,,,,
1298,NONE,,,,,,,,
1299,NONE,,,,,,,,
1300,NONE,,,,,,,,
1301,NONE,,,,,,,,
1302,NONE,,,,,,,,
1303,NONE,,,,,,,,
1304,NONE,,,,,,,,
1305,NONE,,,,,,,,
1306,POR,,,,,,,,
1307,NONE,,,,,,,,
1308,NONE,,,,,,,,
1309,NONE,,,,,,,,
1310,NONE,,,,,,,,
1311,NONE,,,,,,,,
1312,NONE,,,,,,,,
1313,NONE,,,,,,,,
1314,NONE,,,,,,,,
1315,NONE,,,,,,,,
1316,NONE,,,,,,,,
1317,NONE,,,,,,,,
1318,RUM,,,,,,,,
1319,NONE,,,,,,,,
1320,NONE,,,,,,,,
1321,NONE,,,,,,,,
1322,NONE,,,,,,,,
1323,NONE,,,,,,,,
1324,NONE,,,,,,,,
1325,NONE,,,,,,,,
1326,NONE,,,,,,,,
1327,NONE,,,,,,,,
1328,NONE,,,,,,,,
1329,NONE,,,,,,,,
1330,NONE,,,,,,,,
1331,NONE,,,,,,,,
1332,NONE,,,,,,,,
1333,NONE,,,,,,,,
1334,NONE,,,,,,,,
1335,NONE,,,,,,,,
1336,NONE,,,,,,,,
1337,NONE,,,,,,,,
1338,NONE,,,,,,,,
1339,NONE,,,,,,,,
1340,NONE,,,,,,,,
1341,NONE,,,,,,,,
1342,NONE,,,,,,,,
1343,NONE,,,,,,,,
1344,NONE,,,,,,,,
1345,NONE,,,,,,,,
1346,NONE,,,,,,,,
1347,NONE,,,,,,,,
1348,NONE,,,,,,,,
1349,NONE,,,,,,,,
1350,NONE,,,,,,,,
1351,NONE,,,,,,,,
1352,NONE,,,,,,,,
1353,NONE,,,,,,,,
1354,NONE,,,,,,,,
1355,NONE,,,,,,,,
1356,NONE,,,,,,,,
1357,NONE,,,,,,,,
1358,NONE,,,,,,,,
1359,NONE,,,,,,,,
1360,NONE,,,,,,,,
1361,NONE,,,,,,,,
1362,NONE,,,,,,,,
1363,NONE,,,,,,,,
1364,NONE,,,,,,,,
1365,NONE,,,,,,,,
1366,NONE,,,,,,,,
1367,NONE,,,,,,,,
1368,NONE,,,,,,,,
1369,NONE,,,,,,,,
1370,NONE,,,,,,,,
1371,NONE,,,,,,,,
1372,NONE,,,,,,,,
1373,NONE,,,,,,,,
1374,NONE,,,,,,,,
1375,NONE,,,,,,,,
1376,NONE,,,,,,,,
1377,NONE,,,,,,,,
1378,NONE,,,,,,,,
1379,NONE,,,,,,,,
1380,NONE,,,,,,,,
1381,NONE,,,,,,,,
1382,NONE,,,,,,,,
1383,NONE,,,,,,,,
1384,NONE,,,,,,,,
1385,NONE,,,,,,,,
1386,NONE,,,,,,,,
1387,NONE,,,,,,,,
1388,NONE,,,,,,,,
1389,NONE,,,,,,,,
1390,NONE,,,,,,,,
1391,NONE,,,,,,,,
1392,NONE,,,,,,,,
1393,NONE,,,,,,,,
1394,NONE,,,,,,,,
1395,NONE,,,,,,,,
1396,NONE,,,,,,,,
1397,NONE,,,,,,,,
1398,NONE,,,,,,,,
1399,NONE,,,,,,,,
1400,NONE,,,,,,,,
1401,NONE,,,,,,,,
1402,NONE,,,,,,,,
1403,NONE,,,,,,,,
1404,NONE,,,,,,,,
1405,NONE,,,,,,,,
1406,NONE,,,,,,,,
1407,NONE,,,,,,,,
1408,NONE,,,,,,,,
1409,NONE,,,,,,,,
1410,NONE,,,,,,,,
1411,NONE,,,,,,,,
1412,NONE,,,,,,,,
1413,NONE,,,,,,,,
1414,NONE,,,,,,,,
1415,NONE,,,,,,,,
1416,NONE,,,,,,,,
1417,NONE,,,,,,,,
1418,NONE,,,,,,,,
1419,NONE,,,,,,,,
1420,NONE,,,,,,,,
1421,NONE,,,,,,,,
1422,NONE,,,,,,,,
1423,NONE,,,,,,,,
1424,NONE,,,,,,,,
1425,NONE,,,,,,,,
1426,NONE,,,,,,,,
1427,NONE,,,,,,,,
1428,NONE,,,,,,,,
1429,NONE,,,,,,,,
1430,NONE,,,,,,,,
1431,NONE,,,,,,,,
1432,NONE,,,,,,,,
1433,NONE,,,,,,,,
1434,NONE,,,,,,,,
1435,NONE,,,,,,,,
1436,NONE,,,,,,,,
1437,NONE,,,,,,,,
1438,NONE,,,,,,,,
1439,NONE,,,,,,,,
1440,NONE,,,,,,,,
1441,NONE,,,,,,,,
1442,NONE,,,,,,,,
1443,NONE,,,,,,,,
1444,NONE,,,,,,,,
1445,NONE,,,,,,,,
1446,NONE,,,,,,,,
1447,NONE,,,,,,,,
1448,NONE,,,,,,,,
1449,NONE,,,,,,,,
1450,NONE,,,,,,,,
1451,NONE,,,,,,,,
1452,NONE,,,,,,,,
1453,NONE,,,,,,,,
1454,NONE,,,,,,,,
1455,NONE,,,,,,,,
1456,NONE,,,,,,,,
1457,NONE,,,,,,,,
1458,NONE,,,,,,,,
1459,NONE,,,,,,,,
1460,NONE,,,,,,,,
1461,NONE,,,,,,,,
1462,NONE,,,,,,,,
1463,NONE,,,,,,,,
1464,NONE,,,,,,,,
1465,NONE,,,,,,,,
1466,NONE,,,,,,,,
1467,NONE,,,,,,,,
1468,NONE,,,,,,,,
1469,NONE,,,,,,,,
1470,NONE,,,,,,,,
1471,NONE,,,,,,,,
1472,NONE,,,,,,,,
1473,NONE,,,,,,,,
1474,NONE,,,,,,,,
1475,NONE,,,,,,,,
1476,NONE,,,,,,,,
1477,NONE,,,,,,,,
1478,NONE,,,,,,,,
1479,NONE,,,,,,,,
1480,NONE,,,,,,,,
1481,NONE,,,,,,,,
1482,NONE,,,,,,,,
1483,NONE,,,,,,,,
1484,NONE,,,,,,,,
1485,NONE,,,,,,,,
1486,NONE,,,,,,,,
1487,NONE,,,,,,,,
1488,NONE,,,,,,,,
1489,NONE,,,,,,,,
1490,NONE,,,,,,,,
1491,NONE,,,,,,,,
1492,NONE,,,,,,,,
1493,NONE,,,,,,,,
1494,NONE,,,,,,,,
1495,NONE,,,,,,,,
1496,NONE,,,,,,,,
1497,NONE,,,,,,,,
1498,NONE,,,,,,,,
1499,NONE,,,,,,,,
1500,NONE,,,,,,,,
1501,NONE,,,,,,,,
1502,NONE,,,,,,,,
1503,NONE,,,,,,,,
1504,NONE,,,,,,,,
1505,NONE,,,,,,,,
1506,NONE,,,,,,,,
1507,NONE,,,,,,,,
1508,NONE,,,,,,,,
1509,NONE,,,,,,,,
1510,NONE,,,,,,,,
1511,NONE,,,,,,,,
1512,NONE,,,,,,,,
1513,NONE,,,,,,,,
1514,NONE,,,,,,,,
1515,NONE,,,,,,,,
1516,NONE,,,,,,,,
1517,NONE,,,,,,,,
1518,NONE,,,,,,,,
1519,NONE,,,,,,,,
1520,NONE,,,,,,,,
1521,NONE,,,,,,,,
1522,NONE,,,,,,,,
1523,NONE,,,,,,,,
1524,NONE,,,,,,,,
1525,NONE,,,,,,,,
1526,NONE,,,,,,,,
1527,NONE,,,,,,,,
1528,NONE,,,,,,,,
1529,NONE,,,,,,,,
1530,NONE,,,,,,,,
1531,NONE,,,,,,,,
1532,NONE,,,,,,,,
1533,NONE,,,,,,,,
1534,NONE,,,,,,,,
1535,NONE,,,,,,,,
1536,NONE,,,,,,,,
1537,NONE,,,,,,,,
1538,NONE,,,,,,,,
1539,NONE,,,,,,,,
1540,NONE,,,,,,,,
1541,NONE,,,,,,,,
1542,NONE,,,,,,,,
1543,NONE,,,,,,,,
1544,NONE,,,,,,,,
1545,NONE,,,,,,,,
1546,NONE,,,,,,,,
1547,NONE,,,,,,,,
1548,NONE,,,,,,,,
1549,NONE,,,,,,,,
1550,NONE,,,,,,,,
1551,NONE,,,,,,,,
1552,NONE,,,,,,,,
1553,NONE,,,,,,,,
1554,NONE,,,,,,,,
1555,NONE,,,,,,,,
1556,NONE,,,,,,,,
1557,NONE,,,,,,,,
1558,NONE,,,,,,,,
1559,NONE,,,,,,,,
1560,NONE,,,,,,,,
1561,NONE,,,,,,,,
1562,NONE,,,,,,,,
1563,NONE,,,,,,,,
1564,NONE,,,,,,,,
1565,NONE,,,,,,,,
1566,NONE,,,,,,,,
1567,NONE,,,,,,,,
1568,NONE,,,,,,,,
1569,NONE,,,,,,,,
1570,NONE,,,,,,,,
1571,NONE,,,,,,,,
1572,NONE,,,,,,,,
1573,NONE,,,,,,,,
1574,NONE,,,,,,,,
1575,NONE,,,,,,,,
1576,NONE,,,,,,,,
1577,NONE,,,,,,,,
1578,NONE,,,,,,,,
1579,NONE,,,,,,,,
1580,NONE,,,,,,,,
1581,NONE,,,,,,,,
1582,NONE,,,,,,,,
1583,NONE,,,,,,,,
1584,NONE,,,,,,,,
1585,NONE,,,,,,,,
1586,NONE,,,,,,,,
1587,NONE,,,,,,,,
1588,NONE,,,,,,,,
1589,NONE,,,,,,,,
1590,NONE,,,,,,,,
1591,NONE,,,,,,,,
1592,NONE,,,,,,,,
1593,NONE,,,,,,,,
1594,NONE,,,,,,,,
1595,NONE,,,,,,,,
1596,NONE,,,,,,,,
1597,NONE,,,,,,,,
1598,NONE,,,,,,,,
1599,NONE,,,,,,,,
1600,NONE,,,,,,,,
1601,NONE,,,,,,,,
1602,NONE,,,,,,,,
1603,NONE,,,,,,,,
1604,NONE,,,,,,,,
1605,NONE,,,,,,,,
1606,NONE,,,,,,,,
1607,NONE,,,,,,,,
1608,NONE,,,,,,,,
1609,NONE,,,,,,,,
1610,NONE,,,,,,,,
1611,NONE,,,,,,,,
1612,NONE,,,,,,,,
1613,NONE,,,,,,,,
1614,NONE,,,,,,,,
1615,NONE,,,,,,,,
1616,NONE,,,,,,,,
1617,NONE,,,,,,,,
1618,NONE,,,,,,,,
1619,NONE,,,,,,,,
1620,NONE,,,,,,,,
1621,NONE,,,,,,,,
1622,NONE,,,,,,,,
1623,NONE,,,,,,,,
1624,NONE,,,,,,,,
1625,NONE,,,,,,,,
1626,NONE,,,,,,,,
1627,NONE,,,,,,,,
1628,NONE,,,,,,,,
1629,NONE,,,,,,,,
1630,NONE,,,,,,,,
1631,NONE,,,,,,,,
1632,NONE,,,,,,,,
1633,NONE,,,,,,,,
1634,NONE,,,,,,,,
1635,NONE,,,,,,,,
1636,NONE,,,,,,,,
1637,NONE,,,,,,,,
1638,NONE,,,,,,,,
1639,NONE,,,,,,,,
1640,NONE,,,,,,,,
1641,NONE,,,,,,,,
1642,NONE,,,,,,,,
1643,NONE,,,,,,,,
1644,NONE,,,,,,,,
1645,NONE,,,,,,,,
1646,NONE,,,,,,,,
1647,NONE,,,,,,,,
1648,NONE,,,,,,,,
1649,NONE,,,,,,,,
1650,NONE,,,,,,,,
1651,NONE,,,,,,,,
1652,NONE,,,,,,,,
1653,NONE,,,,,,,,
1654,NONE,,,,,,,,
1655,NONE,,,,,,,,
1656,NONE,,,,,,,,
1657,NONE,,,,,,,,
1658,NONE,,,,,,,,
1659,NONE,,,,,,,,
1660,NONE,,,,,,,,
1661,NONE,,,,,,,,
1662,NONE,,,,,,,,
1663,NONE,,,,,,,,
1664,NONE,,,,,,,,
1665,NONE,,,,,,,,
1666,NONE,,,,,,,,
1667,NONE,,,,,,,,
1668,NONE,,,,,,,,
1669,NONE,,,,,,,,
1670,NONE,,,,,,,,
1671,NONE,,,,,,,,
1672,NONE,,,,,,,,
1673,NONE,,,,,,,,
1674,NONE,,,,,,,,
1675,NONE,,,,,,,,
1676,NONE,,,,,,,,
1677,NONE,,,,,,,,
1678,NONE,,,,,,,,
1679,NONE,,,,,,,,
1680,NONE,,,,,,,,
1681,NONE,,,,,,,,
1682,NONE,,,,,,,,
1683,NONE,,,,,,,,
1684,NONE,,,,,,,,
1685,NONE,,,,,,,,
1686,NONE,,,,,,,,
1687,NONE,,,,,,,,
1688,NONE,,,,,,,,
1689,NONE,,,,,,,,
1690,NONE,,,,,,,,
1691,NONE,,,,,,,,
1692,NONE,,,,,,,,
1693,NONE,,,,,,,,
1694,NONE,,,,,,,,
1695,NONE,,,,,,,,
1696,NONE,,,,,,,,
1697,NONE,,,,,,,,
1698,NONE,,,,,,,,
1699,NONE,,,,,,,,
1700,NONE,,,,,,,,
1701,NONE,,,,,,,,
1702,NONE,,,,,,,,
1703,NONE,,,,,,,,
1704,NONE,,,,,,,,
1705,NONE,,,,,,,,
1706,NONE,,,,,,,,
1707,NONE,,,,,,,,
1708,NONE,,,,,,,,
1709,NONE,,,,,,,,
1710,NONE,,,,,,,,
1711,NONE,,,,,,,,
1712,NONE,,,,,,,,
1713,NONE,,,,,,,,
1714,NONE,,,,,,,,
1715,NONE,,,,,,,,
1716,NONE,,,,,,,,
1717,NONE,,,,,,,,
1718,NONE,,,,,,,,
1719,NONE,,,,,,,,
1720,NONE,,,,,,,,
1721,NONE,,,,,,,,
1722,NONE,,,,,,,,
1723,NONE,,,,,,,,
1724,NONE,,,,,,,,
1725,NONE,,,,,,,,
1726,NONE,,,,,,,,
1727,NONE,,,,,,,,
1728,NONE,,,,,,,,
1729,NONE,,,,,,,,
1730,NONE,,,,,,,,
1731,NONE,,,,,,,,
1732,NONE,,,,,,,,
1733,NONE,,,,,,,,
1734,NONE,,,,,,,,
1735,NONE,,,,,,,,
1736,NONE,,,,,,,,
1737,NONE,,,,,,,,
1738,NONE,,,,,,,,
1739,NONE,,,,,,,,
1740,NONE,,,,,,,,
1741,NONE,,,,,,,,
1742,NED,,,,,,,,
1743,BUR,,,,,,,,
1744,NED,,,,,,,,
1745,CAS,,,,,,,,
1746,CAS,,,,,,,,
1747,CAS,,,,,,,,
1748,CAS,,,,,,,,
1749,CAS,,,,,,,,
1750,CAS,,,,,,,,
1751,PRO,,,,,,,,
1752,LIT,,,,,,,,
1753,MOS,,,,,,,,
1754,TEU,,,,,,,,
1755,MOS,,,,,,,,
1756,TEU,,,,,,,,
1757,PAL,,,,,,,,
1758,SAX,,,,,,,,
1759,SAX,,,,,,,,
1760,MAI,,,,,,,,
1761,PAL,,,,,,,,
1762,HES,,,,,,,,
1763,SAX,,,,,,,,
1764,RUM,,,,,,,,
1765,RUM,,,,,,,,
1766,RUM,,,,,,,,
1767,CLI,,,,,,,,
1768,HAB,,,,,,,,
1769,RUM,,,,,,,,
1770,HAB,,,,,,,,
1771,SAX,,,,,,,,
1772,RUM,,,,,,,,
1773,RUM,,,,,,,,
1774,ITA,,,,,,,,
1775,DAN,,,,,,,,
1776,NOV,,,,,,,,
1777,NOV,,,,,,,,
1778,TEU,,,,,,,,
1779,NONE,,,,,,,,
1780,NONE,,,,,,,,
1781,NONE,,,,,,,,
1782,NONE,,,,,,,,
1783,NONE,,,,,,,,
1784,NONE,,,,,,,,
1785,NONE,,,,,,,,
1786,NONE,,,,,,,,
1787,NONE,,,,,,,,
1788,NONE,,,,,,,,
1789,NONE,,,,,,,,
1790,NONE,,,,,,,,
1791,NONE,,,,,,,,
1792,SKA,,,,,,,,
1793,NONE,,,,,,,,
1794,NONE,,,,,,,,
1795,NONE,,,,,,,,
1796,NONE,,,,,,,,
1797,NONE,,,,,,,,
1798,NONE,,,,,,,,
1799,NONE,,,,,,,,
1800,NONE,,,,,,,,
1801,NONE,,,,,,,,
1802,NONE,,,,,,,,
1803,NONE,,,,,,,,
1804,NONE,,,,,,,,
1805,NONE,,,,,,,,
1806,NONE,,,,,,,,
1807,NONE,,,,,,,,
1808,NONE,,,,,,,,
1809,NONE,,,,,,,,
1810,NONE,,,,,,,,
1811,NONE,,,,,,,,
1812,NONE,,,,,,,,
1813,NONE,,,,,,,,
1814,NONE,,,,,,,,
1815,AYU,,,,,,,,
1816,CSH,,,,,,,,
1817,AYU,,,,,,,,
1818,JAP,,,,,,,,
1819,JAP,,,,,,,,
1820,JAP,,,,,,,,
1821,MNG,,,,,,,,
1822,MNG,,,,,,,,
1823,AYU,,,,,,,,
1824,WUU,,,,,,,,
1825,JAP,,,,,,,,
1826,RUM,,,,,,,,
1827,RUM,,,,,,,,
1828,RUM,,,,,,,,
1829,WUU,,,,,,,,
1830,JAP,,,,,,,,
1831,RUM,,,,,,,,
1832,JAP,,,,,,,,
1833,WUU,,,,,,,,
1834,TEU,,,,,,,,
1835,JAP,,,,,,,,
1836,LNG,,,,,,,,
1837,JAP,,,,,,,,
1838,MNG,,,,,,,,
1839,JAP,,,,,,,,
1840,YUE,,,,,,,,
1841,TEU,,,,,,,,
1842,TEU,,,,,,,,
1843,JAP,,,,,,,,
1844,MPH,,,,,,,,
1845,KOR,,,,,,,,
1846,RUM,,,,,,,,
1847,JAP,,,,,,,,
1848,RUM,,,,,,,,
1849,SYR,,,,,,,,
1850,MJZ,,,,,,,,
1851,IRE,,,,,,,,
1852,JAP,,,,,,,,
1853,RUM,,,,,,,,
1854,RUM,,,,,,,,
1855,SYR,,,,,,,,
1856,CRI,,,,,,,,
1857,HSA,,,,,,,,
1858,BRA,,,,,,,,
1859,TEU,,,,,,,,
1860,IRE,,,,,,,,
1861,IRE,,,,,,,,
1862,ITA,,,,,,,,
1863,HAB,,,,,,,,
1864,HUN,,,,,,,,
1865,NED,,,,,,,,
1866,NED,,,,,,,,
1867,GNV,,,,,,,,
1868,AUG,,,,,,,,
1869,HAB,,,,,,,,
1870,HAB,,,,,,,,
1871,GNV,,,,,,,,
1872,ULM,,,,,,,,
1873,TTL,,,,,,,,
1874,BRE,,,,,,,,
1875,ITA,,,,,,,,
1876,MAI,,,,,,,,
1877,PRO,,,,,,,,
1878,AAC,,,,,,,,
1879,FRA,,,,,,,,
1880,HAB,,,,,,,,
1881,C00,,,,,,,,
1882,TUN,,,,,,,,
1883,NONE,,,,,,,,
1884,NONE,,,,,,,,
1885,NONE,,,,,,,,
1886,NONE,,,,,,,,
1887,NONE,,,,,,,,
1888,NONE,,,,,,,,
1889,NONE,,,,,,,,
1890,NONE,,,,,,,,
1891,NONE,,,,,,,,
1892,NONE,,,,,,,,
1893,NONE,,,,,,,,
1894,NONE,,,,,,,,
1895,NONE,,,,,,,,
1896,NONE,,,,,,,,
1897,NONE,,,,,,,,
1898,NONE,,,,,,,,
1899,NONE,,,,,,,,
1900,NONE,,,,,,,,
1901,KON,,,,,,,,
1902,NONE,,,,,,,,
1903,NONE,,,,,,,,
1904,NONE,,,,,,,,
1905,NONE,,,,,,,,
1906,NONE,,,,,,,,
1907,NONE,,,,,,,,
1908,NONE,,,,,,,,
1909,NONE,,,,,,,,
1910,NONE,,,,,,,,
1911,NONE,,,,,,,,
1912,NONE,,,,,,,,
1913,NONE,,,,,,,,
1914,NONE,,,,,,,,
1915,NONE,,,,,,,,
1916,NONE,,,,,,,,
1917,NONE,,,,,,,,
1918,NONE,,,,,,,,
1919,NONE,,,,,,,,
1920,NONE,,,,,,,,
1921,NONE,,,,,,,,
1922,NONE,,,,,,,,
1923,NONE,,,,,,,,
1924,NONE,,,,,,,,
1925,NONE,,,,,,,,
1926,NONE,,,,,,,,
1927,NONE,,,,,,,,
1928,NONE,,,,,,,,
1929,NONE,,,,,,,,
1930,SWE,,,,,,,,
1931,EFR,,,,,,,,
1932,NONE,,,,,,,,
1933,PAP,,,,,,,,
1934,PAP,,,,,,,,
1935,TEU,,,,,,,,
1936,TEU,,,,,,,,
1937,LIT,,,,,,,,
1938,TEU,,,,,,,,
1939,TEU,,,,,,,,
1940,TEU,,,,,,,,
1941,TEU,,,,,,,,
1942,TEU,,,,,,,,
1943,TEU,,,,,,,,
1944,TEU,,,,,,,,
1945,TEU,,,,,,,,
1946,VIJ,,,,,,,,
1947,VIJ,,,,,,,,
1948,BAH,,,,,,,,
1949,VIJ,,,,,,,,
1950,NONE,,,,,,,,
1951,RUM,,,,,,,,
1952,RUM,,,,,,,,
1953,RUM,,,,,,,,
1954,RUM,,,,,,,,
1955,MOS,,,,,,,,
1956,TEU,,,,,,,,
1957,MOS,,,,,,,,
1958,NOV,,,,,,,,
1959,LIT,,,,,,,,
1960,TEU,,,,,,,,
1961,TEU,,,,,,,,
1962,CRI,,,,,,,,
1963,CRI,,,,,,,,
1964,CRI,,,,,,,,
1965,TEU,,,,,,,,
1966,BSH,,,,,,,,
1967,TRS,,,,,,,,
1968,TRS,,,,,,,,
1969,TRS,,,,,,,,
1970,KHI,,,,,,,,
1971,CRI,,,,,,,,
1972,KAZ,,,,,,,,
1973,KHI,,,,,,,,
1974,CRI,,,,,,,,
1975,NONE,,,,,,,,
1976,NONE,,,,,,,,
1977,NONE,,,,,,,,
1978,SCO,,,,,,,,
1979,DAN,,,,,,,,
1980,NONE,,,,,,,,
1981,DAN,,,,,,,,
1982,DAN,,,,,,,,
1983,DAN,,,,,,,,
1984,DAN,,,,,,,,
1985,SWE,,,,,,,,
1986,NONE,,,,,,,,
1987,NONE,,,,,,,,
1988,NONE,,,,,,,,
1989,TOG,,,,,,,,
1990,NONE,,,,,,,,
1991,NONE,,,,,,,,
1992,NONE,,,,,,,,
1993,NONE,,,,,,,,
1994,NONE,,,,,,,,
1995,NONE,,,,,,,,
1996,NONE,,,,,,,,
1997,NONE,,,,,,,,
1998,NONE,,,,,,,,
1999,NONE,,,,,,,,
2000,NONE,,,,,,,,
2001,NONE,,,,,,,,
2002,NONE,,,,,,,,
2003,NONE,,,,,,,,
2004,NONE,,,,,,,,
2005,SHO,,,,,,,,
2006,NONE,,,,,,,,
2007,NONE,,,,,,,,
2008,NONE,,,,,,,,
2009,NONE,,,,,,,,
2010,C02,,,,,,,,
2011,POW,,,,,,,,
2012,C01,,,,,,,,
2013,WAM,,,,,,,,
2014,NTC,,,,,,,,
2015,NONE,,,,,,,,
2016,NONE,,,,,,,,
2017,BLA,,,,,,,,
2018,NONE,,,,,,,,
2019,NONE,,,,,,,,
2020,NONE,,,,,,,,
2021,NONE,,,,,,,,
2022,NONE,,,,,,,,
2023,C02,,,,,,,,
2024,AJU,,,,,,,,
2025,NONE,,,,,,,,
2026,VIJ,,,,,,,,
2027,VIJ,,,,,,,,
2028,BAH,,,,,,,,
2029,VIJ,,,,,,,,
2030,VIJ,,,,,,,,
2031,VIJ,,,,,,,,
2032,VIJ,,,,,,,,
2033,BAH,,,,,,,,
2034,BAH,,,,,,,,
2035,BAH,,,,,,,,
2036,GUJ,,,,,,,,
2037,BAH,,,,,,,,
2038,ORI,,,,,,,,
2039,BNG,,,,,,,,
2040,BNG,,,,,,,,
2041,BNG,,,,,,,,
2042,BNG,,,,,,,,
2043,ORI,,,,,,,,
2044,BNG,,,,,,,,
2045,BNG,,,,,,,,
2046,BNG,,,,,,,,
2047,BNG,,,,,,,,
2048,ORI,,,,,,,,
2049,ORI,,,,,,,,
2050,BAH,,,,,,,,
2051,GUJ,,,,,,,,
2052,GUJ,,,,,,,,
2053,GUJ,,,,,,,,
2054,GUJ,,,,,,,,
2055,BNG,,,,,,,,
2056,GUJ,,,,,,,,
2057,MLW,,,,,,,,
2058,TUN,,,,,,,,
2059,DLH,,,,,,,,
2060,DLH,,,,,,,,
2061,DLH,,,,,,,,
2062,DLH,,,,,,,,
2063,DLH,,,,,,,,
2064,TUN,,,,,,,,
2065,TUN,,,,,,,,
2066,DLH,,,,,,,,
2067,TUN,,,,,,,,
2068,TUN,,,,,,,,
2069,DLH,,,,,,,,
2070,GUG,,,,,,,,
2071,PHA,,,,,,,,
2072,TUN,,,,,,,,
2073,DLH,,,,,,,,
2074,GUG,,,,,,,,
2075,DLH,,,,,,,,
2076,DLH,,,,,,,,
2077,DLH,,,,,,,,
2078,DLH,,,,,,,,
2079,MUL,,,,,,,,
2080,BAH,,,,,,,,
2081,BNG,,,,,,,,
2082,BAH,,,,,,,,
2083,VIJ,,,,,,,,
2084,BAH,,,,,,,,
2085,VIJ,,,,,,,,
2086,DLH,,,,,,,,
2087,TUN,,,,,,,,
2088,TUN,,,,,,,,
2089,VIJ,,,,,,,,
2090,VIJ,,,,,,,,
2091,BNG,,,,,,,,
2092,MLW,,,,,,,,
2093,MLW,,,,,,,,
2094,BNG,,,,,,,,
2095,ORI,,,,,,,,
2096,BNG,,,,,,,,
2097,ORI,,,,,,,,
2098,ORI,,,,,,,,
2099,VIJ,,,,,,,,
2100,VIJ,,,,,,,,
2101,VIJ,,,,,,,,
2102,OIR,,,,,,,,
2103,OIR,,,,,,,,
2104,MYR,,,,,,,,
2105,MYR,,,,,,,,
2106,MJZ,,,,,,,,
2107,MJZ,,,,,,,,
2108,MJZ,,,,,,,,
2109,KRC,,,,,,,,
2110,MHX,,,,,,,,
2111,MJZ,,,,,,,,
2112,CSH,,,,,,,,
2113,CSH,,,,,,,,
2114,OIR,,,,,,,,
2115,OIR,,,,,,,,
2116,OIR,,,,,,,,
2117,CHG,,,,,,,,
2118,CHG,,,,,,,,
2119,CHG,,,,,,,,
2120,CHG,,,,,,,,
2121,KAS,,,,,,,,
2122,CHG,,,,,,,,
2123,CHG,,,,,,,,
2124,KAS,,,,,,,,
2125,CHG,,,,,,,,
2126,CHG,,,,,,,,
2127,KAS,,,,,,,,
2128,GUG,,,,,,,,
2129,NONE,,,,,,,,
2130,PHA,,,,,,,,
2131,PHA,,,,,,,,
2132,PHA,,,,,,,,
2133,KAM,,,,,,,,
2134,PHA,,,,,,,,
2135,KAM,,,,,,,,
2136,CSH,,,,,,,,
2137,CSH,,,,,,,,
2138,QIC,,,,,,,,
2139,QIC,,,,,,,,
2140,QIC,,,,,,,,
2141,LNG,,,,,,,,
2142,MNG,,,,,,,,
2143,LNG,,,,,,,,
2144,LNG,,,,,,,,
2145,MNG,,,,,,,,
2146,MNG,,,,,,,,
2147,WUU,,,,,,,,
2148,WUU,,,,,,,,
2149,WUU,,,,,,,,
2150,WUU,,,,,,,,
2151,WUU,,,,,,,,
2152,WUU,,,,,,,,
2153,WUU,,,,,,,,
2154,WUU,,,,,,,,
2155,WUU,,,,,,,,
2156,WUU,,,,,,,,
2157,WUU,,,,,,,,
2158,YUE,,,,,,,,
2159,WUU,,,,,,,,
2160,YUE,,,,,,,,
2161,YUE,,,,,,,,
2162,YUE,,,,,,,,
2163,YUE,,,,,,,,
2164,YUE,,,,,,,,
2165,MMA,,,,,,,,
2166,HSE,,,,,,,,
2167,MMA,,,,,,,,
2168,AYU,,,,,,,,
2169,SHU,,,,,,,,
2170,MNG,,,,,,,,
2171,LNG,,,,,,,,
2172,LNG,,,,,,,,
2173,MNG,,,,,,,,
2174,LNG,,,,,,,,
2175,LNG,,,,,,,,
2176,LNG,,,,,,,,
2177,CSH,,,,,,,,
2178,CSH,,,,,,,,
2179,CSH,,,,,,,,
2180,CSH,,,,,,,,
2181,CSH,,,,,,,,
2182,CHG,,,,,,,,
2183,CHG,,,,,,,,
2184,CHG,,,,,,,,
2185,MYR,,,,,,,,
2186,MJZ,,,,,,,,
2187,KRC,,,,,,,,
2188,MYR,,,,,,,,
2189,OIR,,,,,,,,
2190,OIR,,,,,,,,
2191,OIR,,,,,,,,
2192,KAS,,,,,,,,
2193,OIR,,,,,,,,
2194,NONE,,,,,,,,
2195,CRI,,,,,,,,
2196,CRI,,,,,,,,
2197,CRI,,,,,,,,
2198,CRI,,,,,,,,
2199,CRI,,,,,,,,
2200,NONE,,,,,,,,
2201,CRI,,,,,,,,
2202,CRI,,,,,,,,
2203,CRI,,,,,,,,
2204,CRI,,,,,,,,
2205,CRI,,,,,,,,
2206,QOM,,,,,,,,
2207,QOM,,,,,,,,
2208,CRI,,,,,,,,
2209,QOM,,,,,,,,
2210,QOM,,,,,,,,
2211,QOM,,,,,,,,
2212,QOM,,,,,,,,
2213,QOM,,,,,,,,
2214,KHI,,,,,,,,
2215,CRI,,,,,,,,
2216,CRI,,,,,,,,
2217,QOM,,,,,,,,
2218,FRS,,,,,,,,
2219,FRS,,,,,,,,
2220,TUN,,,,,,,,
2221,TRS,,,,,,,,
2222,CRI,,,,,,,,
2223,FRS,,,,,,,,
2224,TRS,,,,,,,,
2225,AFG,,,,,,,,
2226,AFG,,,,,,,,
2227,CHG,,,,,,,,
2228,TRS,,,,,,,,
2229,SIS,,,,,,,,
2230,SIS,,,,,,,,
2231,BAL,,,,,,,,
2232,TUN,,,,,,,,
2233,TUN,,,,,,,,
2234,TIM,,,,,,,,
2235,TIM,,,,,,,,
2236,TIM,,,,,,,,
2237,CAS,,,,,,,,
2238,CAS,,,,,,,,
2239,CAS,,,,,,,,
2240,CAS,,,,,,,,
2241,PRO,,,,,,,,
2242,NONE,,,,,,,,
2243,CAS,,,,,,,,
2244,FUL,,,,,,,,
2245,CAS,,,,,,,,
2246,CAS,,,,,,,,
2247,SON,,,,,,,,
2248,CAS,,,,,,,,
2249,CAS,,,,,,,,
2250,CAS,,,,,,,,
2251,NONE,,,,,,,,
2252,KNG,,,,,,,,
2253,KNG,,,,,,,,
2254,SON,,,,,,,,
2255,IRE,,,,,,,,
2256,DGB,,,,,,,,
2257,IRE,,,,,,,,
2258,IRE,,,,,,,,
2259,SON,,,,,,,,
2260,SON,,,,,,,,
2261,SON,,,,,,,,
2262,SON,,,,,,,,
2263,SON,,,,,,,,
2264,SON,,,,,,,,
2265,SON,,,,,,,,
2266,SON,,,,,,,,
2267,SON,,,,,,,,
2268,SON,,,,,,,,
2269,SON,,,,,,,,
2270,SON,,,,,,,,
2271,SON,,,,,,,,
2272,AIR,,,,,,,,
2273,AIR,,,,,,,,
2274,AIR,,,,,,,,
2275,YAO,,,,,,,,
2276,YAO,,,,,,,,
2277,YAO,,,,,,,,
2278,SON,,,,,,,,
2279,KAN,,,,,,,,
2280,KAN,,,,,,,,
2281,KAN,,,,,,,,
2282,KAN,,,,,,,,
2283,YAO,,,,,,,,
2284,YAO,,,,,,,,
2285,YAO,,,,,,,,
2286,YAO,,,,,,,,
2287,YAO,,,,,,,,
2288,YAO,,,,,,,,
2289,IRE,,,,,,,,
2290,IRE,,,,,,,,
2291,OYO,,,,,,,,
2292,OYO,,,,,,,,
2293,SON,,,,,,,,
2294,IRE,,,,,,,,
2295,DGB,,,,,,,,
2296,RUM,,,,,,,,
2297,RUM,,,,,,,,
2298,RUM,,,,,,,,
2299,RUM,,,,,,,,
2300,RUM,,,,,,,,
2301,RUM,,,,,,,,
2302,RUM,,,,,,,,
2303,RUM,,,,,,,,
2304,RUM,,,,,,,,
2305,RUM,,,,,,,,
2306,CRI,,,,,,,,
2307,CRI,,,,,,,,
2308,MAM,,,,,,,,
2309,MAM,,,,,,,,
2310,QOM,,,,,,,,
2311,QOM,,,,,,,,
2312,QOM,,,,,,,,
2313,SYR,,,,,,,,
2314,SYR,,,,,,,,
2315,TUN,,,,,,,,
2316,RUM,,,,,,,,
2317,MAM,,,,,,,,
2318,MAM,,,,,,,,
2319,MAM,,,,,,,,
2320,MAM,,,,,,,,
2321,MAM,,,,,,,,
2322,MAK,,,,,,,,
2323,ETH,,,,,,,,
2324,MAM,,,,,,,,
2325,TUN,,,,,,,,
2326,MAM,,,,,,,,
2327,MAM,,,,,,,,
2328,TUN,,,,,,,,
2329,MDA,,,,,,,,
2330,MDA,,,,,,,,
2331,MAM,,,,,,,,
2332,MAM,,,,,,,,
2333,HDR,,,,,,,,
2334,NONE,,,,,,,,
2335,ALH,,,,,,,,
2336,ALH,,,,,,,,
2337,TUN,,,,,,,,
2338,MAM,,,,,,,,
2339,HDR,,,,,,,,
2340,ALH,,,,,,,,
2341,ORM,,,,,,,,
2342,MHR,,,,,,,,
2343,HDR,,,,,,,,
2344,YEM,,,,,,,,
2345,YEM,,,,,,,,
2346,YEM,,,,,,,,
2347,TUN,,,,,,,,
2348,RUM,,,,,,,,
2349,KHI,,,,,,,,
2350,KHI,,,,,,,,
2351,TEU,,,,,,,,
2352,NOG,,,,,,,,
2353,NOG,,,,,,,,
2354,CHG,,,,,,,,
2355,CHG,,,,,,,,
2356,TRS,,,,,,,,
2357,NOG,,,,,,,,
2358,NOG,,,,,,,,
2359,NOG,,,,,,,,
2360,CHG,,,,,,,,
2361,CHG,,,,,,,,
2362,KHI,,,,,,,,
2363,KHI,,,,,,,,
2364,CHG,,,,,,,,
2365,TEU,,,,,,,,
2366,TEU,,,,,,,,
2367,TEU,,,,,,,,
2368,CHG,,,,,,,,
2369,NOG,,,,,,,,
2370,CRI,,,,,,,,
2371,MMA,,,,,,,,
2372,DAI,,,,,,,,
2373,DAI,,,,,,,,
2374,DAI,,,,,,,,
2375,DAI,,,,,,,,
2376,KHM,,,,,,,,
2377,KHM,,,,,,,,
2378,AYU,,,,,,,,
2379,AYU,,,,,,,,
2380,KHM,,,,,,,,
2381,MMA,,,,,,,,
2382,CHK,,,,,,,,
2383,AYU,,,,,,,,
2384,LXA,,,,,,,,
2385,AYU,,,,,,,,
2386,AYU,,,,,,,,
2387,AYU,,,,,,,,
2388,AYU,,,,,,,,
2389,AYU,,,,,,,,
2390,AYU,,,,,,,,
2391,AYU,,,,,,,,
2392,MLC,,,,,,,,
2393,KEL,,,,,,,,
2394,KED,,,,,,,,
2395,MKA,,,,,,,,
2396,MKA,,,,,,,,
2397,HSE,,,,,,,,
2398,BNG,,,,,,,,
2399,BNG,,,,,,,,
2400,HSE,,,,,,,,
2401,HSE,,,,,,,,
2402,ARK,,,,,,,,
2403,AYU,,,,,,,,
2404,AYU,,,,,,,,
2405,TEU,,,,,,,,
2406,TEU,,,,,,,,
2407,TEU,,,,,,,,
2408,TEU,,,,,,,,
2409,TEU,,,,,,,,
2410,CRI,,,,,,,,
2411,CRI,,,,,,,,
2412,CRI,,,,,,,,
2413,CRI,,,,,,,,
2414,CRI,,,,,,,,
2415,CRI,,,,,,,,
2416,CRI,,,,,,,,
2417,CRI,,,,,,,,
2418,CRI,,,,,,,,
2419,TEU,,,,,,,,
2420,BSH,,,,,,,,
2421,CRI,,,,,,,,
2422,TEU,,,,,,,,
2423,TEU,,,,,,,,
2424,TEU,,,,,,,,
2425,NONE,,,,,,,,
2426,NONE,,,,,,,,
2427,OIR,,,,,,,,
2428,OIR,,,,,,,,
2429,OIR,,,,,,,,
2430,NONE,,,,,,,,
2431,NONE,,,,,,,,
2432,NONE,,,,,,,,
2433,OIR,,,,,,,,
2434,CHG,,,,,,,,
2435,NONE,,,,,,,,
2436,NONE,,,,,,,,
2437,NONE,,,,,,,,
2438,NONE,,,,,,,,
2439,NONE,,,,,,,,
2440,CHV,,,,,,,,
2441,NOG,,,,,,,,
2442,NONE,,,,,,,,
2443,NONE,,,,,,,,
2444,CRI,,,,,,,,
2445,NONE,,,,,,,,
2446,NONE,,,,,,,,
2447,CRI,,,,,,,,
2448,TUN,,,,,,,,
2449,TUN,,,,,,,,
2450,TUN,,,,,,,,
2451,TUN,,,,,,,,
2452,TUN,,,,,,,,
2453,TUN,,,,,,,,
2454,TUN,,,,,,,,
2455,TUN,,,,,,,,
2456,TUN,,,,,,,,
2457,TUN,,,,,,,,
2458,TUN,,,,,,,,
2459,TUN,,,,,,,,
2460,TUN,,,,,,,,
2461,TUN,,,,,,,,
2462,TUN,,,,,,,,
2463,TUN,,,,,,,,
2464,TUN,,,,,,,,
2465,TUN,,,,,,,,
2466,TUN,,,,,,,,
2467,CAS,,,,,,,,
2468,MOR,,,,,,,,
2469,MOR,,,,,,,,
2470,MOR,,,,,,,,
2471,NONE,,,,,,,,
2472,TUN,,,,,,,,
2473,TUN,,,,,,,,
2474,TUN,,,,,,,,
2475,TUN,,,,,,,,
2476,ZNI,,,,,,,,
2477,NONE,,,,,,,,
2478,NONE,,,,,,,,
2479,NONE,,,,,,,,
2480,NONE,,,,,,,,
2481,NONE,,,,,,,,
2482,NONE,,,,,,,,
2483,NONE,,,,,,,,
2484,NONE,,,,,,,,
2485,NONE,,,,,,,,
2486,NONE,,,,,,,,
2487,NONE,,,,,,,,
2488,NONE,,,,,,,,
2489,NONE,,,,,,,,
2490,NONE,,,,,,,,
2491,ZNI,,,,,,,,
2492,ZNI,,,,,,,,
2493,ZNI,,,,,,,,
2494,ZNI,,,,,,,,
2495,ACO,,,,,,,,
2496,ISL,,,,,,,,
2497,NONE,,,,,,,,
2498,NONE,,,,,,,,
2499,NONE,,,,,,,,
2500,NONE,,,,,,,,
2501,NONE,,,,,,,,
2502,NONE,,,,,,,,
2503,NONE,,,,,,,,
2504,KIO,,,,,,,,
2505,NONE,,,,,,,,
2506,NONE,,,,,,,,
2507,NONE,,,,,,,,
2508,NONE,,,,,,,,
2509,F00,,,,,,,,
2510,NONE,,,,,,,,
2511,NONE,,,,,,,,
2512,SIO,,,,,,,,
2513,NONE,,,,,,,,
2514,NONE,,,,,,,,
2515,F00,,,,,,,,
2516,NTC,,,,,,,,
2517,NONE,,,,,,,,
2518,OTT,,,,,,,,
2519,MMI,,,,,,,,
2520,OSA,,,,,,,,
2521,HUR,,,,,,,,
2522,HUR,,,,,,,,
2523,KSP,,,,,,,,
2524,NONE,,,,,,,,
2525,ERI,,,,,,,,
2526,NONE,,,,,,,,
2527,SAT,,,,,,,,
2528,QUI,,,,,,,,
2529,CHO,,,,,,,,
2530,ATA,,,,,,,,
2531,ABI,,,,,,,,
2532,ATA,,,,,,,,
2533,COW,,,,,,,,
2534,ICH,,,,,,,,
2535,ICH,,,,,,,,
2536,ICH,,,,,,,,
2537,ICH,,,,,,,,
2538,ALT,,,,,,,,
2539,ICH,,,,,,,,
2540,ETO,,,,,,,,
2541,ALT,,,,,,,,
2542,ALT,,,,,,,,
2543,NONE,,,,,,,,
2544,CHO,,,,,,,,
2545,TSC,,,,,,,,
2546,DAN,,,,,,,,
2547,POW,,,,,,,,
2548,NONE,,,,,,,,
2549,NONE,,,,,,,,
2550,POW,,,,,,,,
2551,NONE,,,,,,,,
2552,NONE,,,,,,,,
2553,NONE,,,,,,,,
2554,C02,,,,,,,,
2555,NONE,,,,,,,,
2556,NONE,,,,,,,,
2557,NONE,,,,,,,,
2558,C02,,,,,,,,
2559,IRO,,,,,,,,
2560,MAH,,,,,,,,
2561,C02,,,,,,,,
2562,C02,,,,,,,,
2563,NONE,,,,,,,,
2564,NONE,,,,,,,,
2565,DAN,,,,,,,,
2566,DAN,,,,,,,,
2567,DAN,,,,,,,,
2568,C01,,,,,,,,
2569,NONE,,,,,,,,
2570,C01,,,,,,,,
2571,NONE,,,,,,,,
2572,C01,,,,,,,,
2573,C01,,,,,,,,
2574,NONE,,,,,,,,
2575,NONE,,,,,,,,
2576,C01,,,,,,,,
2577,NONE,,,,,,,,
2578,C01,,,,,,,,
2579,NONE,,,,,,,,
2580,NONE,,,,,,,,
2581,NONE,,,,,,,,
2582,C01,,,,,,,,
2583,NONE,,,,,,,,
2584,NONE,,,,,,,,
2585,HUR,,,,,,,,
2586,HUR,,,,,,,,
2587,NONE,,,,,,,,
2588,NONE,,,,,,,,
2589,NONE,,,,,,,,
2590,NONE,,,,,,,,
2591,NONE,,,,,,,,
2592,NONE,,,,,,,,
2593,NONE,,,,,,,,
2594,NAK,,,,,,,,
2595,NONE,,,,,,,,
2596,NONE,,,,,,,,
2597,NEH,,,,,,,,
2598,NONE,,,,,,,,
2599,NONE,,,,,,,,
2600,NONE,,,,,,,,
2601,NONE,,,,,,,,
2602,NONE,,,,,,,,
2603,NONE,,,,,,,,
2604,NONE,,,,,,,,
2605,NONE,,,,,,,,
2606,NONE,,,,,,,,
2607,NONE,,,,,,,,
2608,NONE,,,,,,,,
2609,NONE,,,,,,,,
2610,NONE,,,,,,,,
2611,NONE,,,,,,,,
2612,HDA,,,,,,,,
2613,NONE,,,,,,,,
2614,NONE,,,,,,,,
2615,NONE,,,,,,,,
2616,NONE,,,,,,,,
2617,TON,,,,,,,,
2618,NONE,,,,,,,,
2619,NONE,,,,,,,,
2620,NONE,,,,,,,,
2621,TON,,,,,,,,
2622,TAR,,,,,,,,
2623,TAR,,,,,,,,
2624,TAR,,,,,,,,
2625,ISL,,,,,,,,
2626,MAT,,,,,,,,
2627,AZT,,,,,,,,
2628,TEO,,,,,,,,
2629,MIX,,,,,,,,
2630,YOK,,,,,,,,
2631,YOK,,,,,,,,
2632,YOK,,,,,,,,
2633,XIU,,,,,,,,
2634,CTM,,,,,,,,
2635,LAC,,,,,,,,
2636,KAQ,,,,,,,,
2637,CHT,,,,,,,,
2638,LAC,,,,,,,,
2639,C02,,,,,,,,
2640,CHT,,,,,,,,
2641,HST,,,,,,,,
2642,HST,,,,,,,,
2643,CLM,,,,,,,,
2644,TLX,,,,,,,,
2645,AZT,,,,,,,,
2646,COI,,,,,,,,
2647,YOK,,,,,,,,
2648,AZT,,,,,,,,
2649,LAC,,,,,,,,
2650,CNP,,,,,,,,
2651,XIU,,,,,,,,
2652,COC,,,,,,,,
2653,KAQ,,,,,,,,
2654,C00,,,,,,,,
2655,C00,,,,,,,,
2656,C00,,,,,,,,
2657,CLM,,,,,,,,
2658,C00,,,,,,,,
2659,C00,,,,,,,,
2660,NONE,,,,,,,,
2661,NONE,,,,,,,,
2662,NONE,,,,,,,,
2663,NONE,,,,,,,,
2664,NONE,,,,,,,,
2665,HNI,,,,,,,,
2666,NONE,,,,,,,,
2667,NONE,,,,,,,,
2668,NONE,,,,,,,,
2669,NTC,,,,,,,,
2670,HUR,,,,,,,,
2671,NONE,,,,,,,,
2672,NONE,,,,,,,,
2673,PSA,,,,,,,,
2674,PSA,,,,,,,,
2675,PSA,,,,,,,,
2676,MLC,,,,,,,,
2677,MLC,,,,,,,,
2678,LFA,,,,,,,,
2679,NONE,,,,,,,,
2680,PGR,,,,,,,,
2681,PGR,,,,,,,,
2682,PGR,,,,,,,,
2683,NONE,,,,,,,,
2684,NONE,,,,,,,,
2685,PSA,,,,,,,,
2686,MLC,,,,,,,,
2687,SUN,,,,,,,,
2688,SUN,,,,,,,,
2689,SUN,,,,,,,,
2690,SUN,,,,,,,,
2691,SUN,,,,,,,,
2692,MAJ,,,,,,,,
2693,BLI,,,,,,,,
2694,KOR,,,,,,,,
2695,NONE,,,,,,,,
2696,NONE,,,,,,,,
2697,TDO,,,,,,,,
2698,TDO,,,,,,,,
2699,NONE,,,,,,,,
2700,MAS,,,,,,,,
2701,NONE,,,,,,,,
2702,BTU,,,,,,,,
2703,BEI,,,,,,,,
2704,BEI,,,,,,,,
2705,BEI,,,,,,,,
2706,NONE,,,,,,,,
2707,KUT,,,,,,,,
2708,NONE,,,,,,,,
2709,BEI,,,,,,,,
2710,BEI,,,,,,,,
2711,BEU,,,,,,,,
2712,KUT,,,,,,,,
2713,NONE,,,,,,,,
2714,NONE,,,,,,,,
2715,BNE,,,,,,,,
2716,BTN,,,,,,,,
2717,NONE,,,,,,,,
2718,NONE,,,,,,,,
2719,NONE,,,,,,,,
2720,NONE,,,,,,,,
2721,NONE,,,,,,,,
2722,NONE,,,,,,,,
2723,NONE,,,,,,,,
2724,NONE,,,,,,,,
2725,NONE,,,,,,,,
2726,NONE,,,,,,,,
2727,NONE,,,,,,,,
2728,NONE,,,,,,,,
2729,TIW,,,,,,,,
2730,YNU,,,,,,,,
2731,NONE,,,,,,,,
2732,NONE,,,,,,,,
2733,NONE,,,,,,,,
2734,NONE,,,,,,,,
2735,NONE,,,,,,,,
2736,PLW,,,,,,,,
2737,TAK,,,,,,,,
2738,WAI,,,,,,,,
2739,TAN,,,,,,,,
2740,NONE,,,,,,,,
2741,KOR,,,,,,,,
2742,KOR,,,,,,,,
2743,KOR,,,,,,,,
2744,KOR,,,,,,,,
2745,KOR,,,,,,,,
2746,RUM,,,,,,,,
2747,OIR,,,,,,,,
2748,AYU,,,,,,,,
2749,TEU,,,,,,,,
2750,RUM,,,,,,,,
2751,CAS,,,,,,,,
2752,DAN,,,,,,,,
2753,PRO,,,,,,,,
2754,CAS,,,,,,,,
2755,CAS,,,,,,,,
2756,ETH,,,,,,,,
2757,ETH,,,,,,,,
2758,ETH,,,,,,,,
2759,ETH,,,,,,,,
2760,ETH,,,,,,,,
2761,ETH,,,,,,,,
2762,ETH,,,,,,,,
2763,ETH,,,,,,,,
2764,ADA,,,,,,,,
2765,ADA,,,,,,,,
2766,ETH,,,,,,,,
2767,ETH,,,,,,,,
2768,ETH,,,,,,,,
2769,ETH,,,,,,,,
2770,ETH,,,,,,,,
2771,ETH,,,,,,,,
2772,ETH,,,,,,,,
2773,ADA,,,,,,,,
2774,AJU,,,,,,,,
2775,AJU,,,,,,,,
2776,AJU,,,,,,,,
2777,AJU,,,,,,,,
2778,AJU,,,,,,,,
2779,AJU,,,,,,,,
2780,AJU,,,,,,,,
2781,AJU,,,,,,,,
2782,AJU,,,,,,,,
2783,AJU,,,,,,,,
2784,AJU,,,,,,,,
2785,AJU,,,,,,,,
2786,AJU,,,,,,,,
2787,ETH,,,,,,,,
2788,AJU,,,,,,,,
2789,AJU,,,,,,,,
2790,AJU,,,,,,,,
2791,ETH,,,,,,,,
2792,AJU,,,,,,,,
2793,ADA,,,,,,,,
2794,AJU,,,,,,,,
2795,AJU,,,,,,,,
2796,MLI,,,,,,,,
2797,NUB,,,,,,,,
2798,ETH,,,,,,,,
2799,ETH,,,,,,,,
2800,YAO,,,,,,,,
2801,YAO,,,,,,,,
2802,YAO,,,,,,,,
2803,NONE,,,,,,,,
2804,NONE,,,,,,,,
2805,NONE,,,,,,,,
2806,NONE,,,,,,,,
2807,NONE,,,,,,,,
2808,NONE,,,,,,,,
2809,NONE,,,,,,,,
2810,NONE,,,,,,,,
2811,NONE,,,,,,,,
2812,NONE,,,,,,,,
2813,NONE,,,,,,,,
2814,NONE,,,,,,,,
2815,NONE,,,,,,,,
2816,NONE,,,,,,,,
2817,NONE,,,,,,,,
2818,NONE,,,,,,,,
2819,NONE,,,,,,,,
2820,CHM,,,,,,,,
2821,CHM,,,,,,,,
2822,CHM,,,,,,,,
2823,CYA,,,,,,,,
2824,CYA,,,,,,,,
2825,HJA,,,,,,,,
2826,CHM,,,,,,,,
2827,HJA,,,,,,,,
2828,NONE,,,,,,,,
2829,CSU,,,,,,,,
2830,CSU,,,,,,,,
2831,PCJ,,,,,,,,
2832,NONE,,,,,,,,
2833,NONE,,,,,,,,
2834,NONE,,,,,,,,
2835,CRA,,,,,,,,
2836,CRA,,,,,,,,
2837,PCJ,,,,,,,,
2838,CRA,,,,,,,,
2839,NONE,,,,,,,,
2840,NONE,,,,,,,,
2841,NONE,,,,,,,,
2842,NONE,,,,,,,,
2843,NONE,,,,,,,,
2844,NONE,,,,,,,,
2845,NONE,,,,,,,,
2846,C03,,,,,,,,
2847,NONE,,,,,,,,
2848,C03,,,,,,,,
2849,C03,,,,,,,,
2850,C03,,,,,,,,
2851,C03,,,,,,,,
2852,NONE,,,,,,,,
2853,NONE,,,,,,,,
2854,NONE,,,,,,,,
2855,NONE,,,,,,,,
2856,NONE,,,,,,,,
2857,NONE,,,,,,,,
2858,NONE,,,,,,,,
2859,NONE,,,,,,,,
2860,NONE,,,,,,,,
2861,NONE,,,,,,,,
2862,NONE,,,,,,,,
2863,NONE,,,,,,,,
2864,NONE,,,,,,,,
2865,NONE,,,,,,,,
2866,NONE,,,,,,,,
2867,NONE,,,,,,,,
2868,NONE,,,,,,,,
2869,NONE,,,,,,,,
2870,NONE,,,,,,,,
2871,NONE,,,,,,,,
2872,NONE,,,,,,,,
2873,NONE,,,,,,,,
2874,NONE,,,,,,,,
2875,NONE,,,,,,,,
2876,NONE,,,,,,,,
2877,NONE,,,,,,,,
2878,NONE,,,,,,,,
2879,NONE,,,,,,,,
2880,NONE,,,,,,,,
2881,NONE,,,,,,,,
2882,NONE,,,,,,,,
2883,NONE,,,,,,,,
2884,NONE,,,,,,,,
2885,NONE,,,,,,,,
2886,NONE,,,,,,,,
2887,NONE,,,,,,,,
2888,NONE,,,,,,,,
2889,NONE,,,,,,,,
2890,NONE,,,,,,,,
2891,GUA,,,,,,,,
2892,NONE,,,,,,,,
2893,NONE,,,,,,,,
2894,NONE,,,,,,,,
2895,NONE,,,,,,,,
2896,NONE,,,,,,,,
2897,NONE,,,,,,,,
2898,NONE,,,,,,,,
2899,NONE,,,,,,,,
2900,NONE,,,,,,,,
2901,NONE,,,,,,,,
2902,NONE,,,,,,,,
2903,NONE,,,,,,,,
2904,NONE,,,,,,,,
2905,NONE,,,,,,,,
2906,NONE,,,,,,,,
2907,NONE,,,,,,,,
2908,TPA,,,,,,,,
2909,NONE,,,,,,,,
2910,NONE,,,,,,,,
2911,NONE,,,,,,,,
2912,POR,,,,,,,,
2913,NONE,,,,,,,,
2914,NONE,,,,,,,,
2915,NONE,,,,,,,,
2916,NONE,,,,,,,,
2917,NONE,,,,,,,,
2918,NONE,,,,,,,,
2919,NONE,,,,,,,,
2920,NONE,,,,,,,,
2921,POR,,,,,,,,
2922,POR,,,,,,,,
2923,NONE,,,,,,,,
2924,NONE,,,,,,,,
2925,NONE,,,,,,,,
2926,NONE,,,,,,,,
2927,NONE,,,,,,,,
2928,NONE,,,,,,,,
2929,NONE,,,,,,,,
2930,NONE,,,,,,,,
2931,NONE,,,,,,,,
2932,YAO,,,,,,,,
2933,NONE,,,,,,,,
2934,NONE,,,,,,,,
2935,NONE,,,,,,,,
2936,NONE,,,,,,,,
2937,NONE,,,,,,,,
2938,NONE,,,,,,,,
2939,NONE,,,,,,,,
2940,PCJ,,,,,,,,
2941,CRA,,,,,,,,
2942,CRA,,,,,,,,
2943,CYA,,,,,,,,
2944,NONE,,,,,,,,
2945,NONE,,,,,,,,
2946,PCJ,,,,,,,,
2947,CSU,,,,,,,,
2948,KON,,,,,,,,
2949,KON,,,,,,,,
2950,ZAN,,,,,,,,
2951,ZAN,,,,,,,,
2952,ZAN,,,,,,,,
2953,NONE,,,,,,,,
2954,TUN,,,,,,,,
2955,LBV,,,,,,,,
2956,UBV,,,,,,,,
2957,REG,,,,,,,,
2958,TEU,,,,,,,,
2959,TEU,,,,,,,,
2960,TEU,,,,,,,,
2961,TEU,,,,,,,,
2962,TEU,,,,,,,,
2963,TEU,,,,,,,,
2964,HSA,,,,,,,,
2965,SAX,,,,,,,,
2966,SAX,,,,,,,,
2967,SAX,,,,,,,,
2968,BOH,,,,,,,,
2969,SAX,,,,,,,,
2970,BOH,,,,,,,,
2971,EFR,,,,,,,,
2972,BRU,,,,,,,,
2973,EFR,,,,,,,,
2974,NED,,,,,,,,
2975,NED,,,,,,,,
2976,PAP,,,,,,,,
2977,ITA,,,,,,,,
2978,PAP,,,,,,,,
2979,ITA,,,,,,,,
2980,ITA,,,,,,,,
2981,ITA,,,,,,,,
2982,PRO,,,,,,,,
2983,PAP,,,,,,,,
2984,PAP,,,,,,,,
2985,PAP,,,,,,,,
2986,ITA,,,,,,,,
2987,PRO,,,,,,,,
2988,PRO,,,,,,,,
2989,CAS,,,,,,,,
2990,CAS,,,,,,,,
2991,PRO,,,,,,,,
2992,ITA,,,,,,,,
2993,SAX,,,,,,,,
2994,SAX,,,,,,,,
2995,BRA,,,,,,,,
2996,HSA,,,,,,,,
2997,TEU,,,,,,,,
2998,RUM,,,,,,,,
2999,FRS,,,,,,,,
3000,RUM,,,,,,,,
3001,RUM,,,,,,,,
3002,RUM,,,,,,,,
3003,GRE,,,,,,,,
3004,NONE,,,,,,,,
3005,NONE,,,,,,,,
3006,NONE,,,,,,,,
3007,NONE,,,,,,,,
3008,NONE,,,,,,,,
3009,NONE,,,,,,,,
3010,NONE,,,,,,,,
3011,NONE,,,,,,,,
3012,NONE,,,,,,,,
3013,NONE,,,,,,,,
3014,NONE,,,,,,,,
3015,NONE,,,,,,,,
3016,NONE,,,,,,,,
3017,NONE,,,,,,,,
3018,NONE,,,,,,,,
3019,NONE,,,,,,,,
3020,NONE,,,,,,,,
3021,NONE,,,,,,,,
3022,NONE,,,,,,,,
3023,NONE,,,,,,,,
3024,NONE,,,,,,,,
3025,NONE,,,,,,,,
3026,NONE,,,,,,,,
3027,NONE,,,,,,,,
3028,NONE,,,,,,,,
3029,NONE,,,,,,,,
3030,NONE,,,,,,,,
3031,NONE,,,,,,,,
3032,NONE,,,,,,,,
3033,NONE,,,,,,,,
3034,NONE,,,,,,,,
3035,NONE,,,,,,,,
3036,NONE,,,,,,,,
3037,NONE,,,,,,,,
3038,NONE,,,,,,,,
3039,NONE,,,,,,,,
3040,NONE,,,,,,,,
3041,NONE,,,,,,,,
3042,NONE,,,,,,,,
3043,NONE,,,,,,,,
3044,NONE,,,,,,,,
3045,NONE,,,,,,,,
3046,NONE,,,,,,,,
3047,NONE,,,,,,,,
3048,NONE,,,,,,,,
3049,NONE,,,,,,,,
3050,NONE,,,,,,,,
3051,NONE,,,,,,,,
3052,NONE,,,,,,,,
3053,NONE,,,,,,,,
3054,NONE,,,,,,,,
3055,NONE,,,,,,,,
3056,NONE,,,,,,,,
3057,NONE,,,,,,,,
3058,NONE,,,,,,,,
3059,NONE,,,,,,,,
3060,NONE,,,,,,,,
3061,NONE,,,,,,,,
3062,NONE,,,,,,,,
3063,NONE,,,,,,,,
3064,NONE,,,,,,,,
3065,NONE,,,,,,,,
3066,NONE,,,,,,,,
3067,NONE,,,,,,,,
3068,NONE,,,,,,,,
3069,NONE,,,,,,,,
3070,NONE,,,,,,,,
3071,NONE,,,,,,,,
3072,NONE,,,,,,,,
3073,NONE,,,,,,,,
3074,NONE,,,,,,,,
3075,NONE,,,,,,,,
3076,NONE,,,,,,,,
3077,NONE,,,,,,,,
3078,NONE,,,,,,,,
3079,NONE,,,,,,,,
3080,NONE,,,,,,,,
3081,NONE,,,,,,,,
3082,NONE,,,,,,,,
3083,NONE,,,,,,,,
3084,NONE,,,,,,,,
3085,NONE,,,,,,,,
3086,NONE,,,,,,,,
3087,NONE,,,,,,,,
3088,NONE,,,,,,,,
3089,NONE,,,,,,,,
3090,NONE,,,,,,,,
3091,NONE,,,,,,,,
3092,NONE,,,,,,,,
3093,NONE,,,,,,,,
3094,NONE,,,,,,,,
3095,NONE,,,,,,,,
3096,NONE,,,,,,,,
3097,NONE,,,,,,,,
3098,NONE,,,,,,,,
3099,NONE,,,,,,,,
3100,NONE,,,,,,,,
3101,NONE,,,,,,,,
3102,NONE,,,,,,,,
3103,NONE,,,,,,,,
3104,NONE,,,,,,,,
3105,NONE,,,,,,,,
3106,NONE,,,,,,,,
3107,NONE,,,,,,,,
3108,NONE,,,,,,,,
3109,NONE,,,,,,,,
3110,NONE,,,,,,,,
3111,NONE,,,,,,,,
3112,NONE,,,,,,,,
3113,NONE,,,,,,,,
3114,NONE,,,,,,,,
3115,NONE,,,,,,,,
3116,NONE,,,,,,,,
3117,NONE,,,,,,,,
3118,NONE,,,,,,,,
3119,NONE,,,,,,,,
3120,NONE,,,,,,,,
3121,NONE,,,,,,,,
3122,NONE,,,,,,,,
3123,NONE,,,,,,,,
3124,NONE,,,,,,,,
3125,NONE,,,,,,,,
3126,NONE,,,,,,,,
3127,NONE,,,,,,,,
3128,NONE,,,,,,,,
3129,NONE,,,,,,,,
3130,NONE,,,,,,,,
3131,NONE,,,,,,,,
3132,NONE,,,,,,,,
3133,NONE,,,,,,,,
3134,NONE,,,,,,,,
3135,NONE,,,,,,,,
3136,NONE,,,,,,,,
3137,NONE,,,,,,,,
3138,NONE,,,,,,,,
3139,NONE,,,,,,,,
3140,NONE,,,,,,,,
3141,NONE,,,,,,,,
3142,NONE,,,,,,,,
3143,NONE,,,,,,,,
3144,NONE,,,,,,,,
3145,NONE,,,,,,,,
3146,NONE,,,,,,,,
3147,NONE,,,,,,,,
3148,NONE,,,,,,,,
3149,NONE,,,,,,,,
3150,NONE,,,,,,,,
3151,NONE,,,,,,,,
3152,NONE,,,,,,,,
3153,NONE,,,,,,,,
3154,NONE,,,,,,,,
3155,NONE,,,,,,,,
3156,NONE,,,,,,,,
3157,NONE,,,,,,,,
3158,NONE,,,,,,,,
3159,NONE,,,,,,,,
3160,NONE,,,,,,,,
3161,NONE,,,,,,,,
3162,NONE,,,,,,,,
3163,NONE,,,,,,,,
3164,NONE,,,,,,,,
3165,NONE,,,,,,,,
3166,NONE,,,,,,,,
3167,NONE,,,,,,,,
3168,NONE,,,,,,,,
3169,NONE,,,,,,,,
3170,NONE,,,,,,,,
3171,NONE,,,,,,,,
3172,NONE,,,,,,,,
3173,NONE,,,,,,,,
3174,NONE,,,,,,,,
3175,NONE,,,,,,,,
3176,NONE,,,,,,,,
3177,NONE,,,,,,,,
3178,NONE,,,,,,,,
3179,NONE,,,,,,,,
3180,NONE,,,,,,,,
3181,NONE,,,,,,,,
3182,NONE,,,,,,,,
3183,NONE,,,,,,,,
3184,NONE,,,,,,,,
3185,NONE,,,,,,,,
3186,NONE,,,,,,,,
3187,NONE,,,,,,,,
3188,NONE,,,,,,,,
3189,NONE,,,,,,,,
3190,NONE,,,,,,,,
3191,NONE,,,,,,,,
3192,NONE,,,,,,,,
3193,NONE,,,,,,,,
3194,NONE,,,,,,,,
3195,NONE,,,,,,,,
3196,NONE,,,,,,,,
3197,NONE,,,,,,,,
3198,NONE,,,,,,,,
3199,NONE,,,,,,,,
3200,NONE,,,,,,,,
3201,NONE,,,,,,,,
3202,NONE,,,,,,,,
3203,NONE,,,,,,,,
3204,NONE,,,,,,,,
3205,NONE,,,,,,,,
3206,NONE,,,,,,,,
3207,NONE,,,,,,,,
3208,NONE,,,,,,,,
3209,NONE,,,,,,,,
3210,NONE,,,,,,,,
3211,NONE,,,,,,,,
3212,NONE,,,,,,,,
3213,NONE,,,,,,,,
3214,NONE,,,,,,,,
3215,NONE,,,,,,,,
3216,NONE,,,,,,,,
3217,NONE,,,,,,,,
3218,NONE,,,,,,,,
3219,NONE,,,,,,,,
3220,NONE,,,,,,,,
3221,NONE,,,,,,,,
3222,NONE,,,,,,,,
3223,NONE,,,,,,,,
3224,NONE,,,,,,,,
3225,NONE,,,,,,,,
3226,NONE,,,,,,,,
3227,NONE,,,,,,,,
3228,NONE,,,,,,,,
3229,NONE,,,,,,,,
3230,NONE,,,,,,,,
3231,NONE,,,,,,,,
3232,NONE,,,,,,,,
3233,NONE,,,,,,,,
3234,NONE,,,,,,,,
3235,NONE,,,,,,,,
3236,NONE,,,,,,,,
3237,NONE,,,,,,,,
3238,NONE,,,,,,,,
3239,NONE,,,,,,,,
3240,NONE,,,,,,,,
3241,NONE,,,,,,,,
3242,NONE,,,,,,,,
3243,NONE,,,,,,,,
3244,NONE,,,,,,,,
3245,NONE,,,,,,,,
3246,NONE,,,,,,,,
3247,NONE,,,,,,,,
3248,NONE,,,,,,,,
3249,NONE,,,,,,,,
3250,NONE,,,,,,,,
3251,NONE,,,,,,,,
3252,NONE,,,,,,,,
3253,NONE,,,,,,,,
3254,NONE,,,,,,,,
3255,NONE,,,,,,,,
3256,NONE,,,,,,,,
3257,NONE,,,,,,,,
3258,NONE,,,,,,,,
3259,NONE,,,,,,,,
3260,NONE,,,,,,,,
3261,NONE,,,,,,,,
3262,NONE,,,,,,,,
3263,NONE,,,,,,,,
3264,NONE,,,,,,,,
3265,NONE,,,,,,,,
3266,NONE,,,,,,,,
3267,NONE,,,,,,,,
3268,NONE,,,,,,,,
3269,NONE,,,,,,,,
3270,NONE,,,,,,,,
3271,NONE,,,,,,,,
3272,NONE,,,,,,,,
3273,NONE,,,,,,,,
3274,NONE,,,,,,,,
3275,NONE,,,,,,,,
3276,NONE,,,,,,,,
3277,NONE,,,,,,,,
3278,NONE,,,,,,,,
3279,NONE,,,,,,,,
3280,NONE,,,,,,,,
3281,NONE,,,,,,,,
3282,NONE,,,,,,,,
3283,NONE,,,,,,,,
3284,NONE,,,,,,,,
3285,NONE,,,,,,,,
3286,NONE,,,,,,,,
3287,NONE,,,,,,,,
3288,NONE,,,,,,,,
3289,NONE,,,,,,,,
3290,NONE,,,,,,,,
3291,NONE,,,,,,,,
3292,NONE,,,,,,,,
3293,NONE,,,,,,,,
3294,NONE,,,,,,,,
3295,NONE,,,,,,,,
3296,NONE,,,,,,,,
3297,NONE,,,,,,,,
3298,NONE,,,,,,,,
3299,NONE,,,,,,,,
3300,NONE,,,,,,,,
3301,NONE,,,,,,,,
3302,NONE,,,,,,,,
3303,NONE,,,,,,,,
3304,NONE,,,,,,,,
3305,NONE,,,,,,,,
3306,NONE,,,,,,,,
3307,NONE,,,,,,,,
3308,NONE,,,,,,,,
3309,NONE,,,,,,,,
3310,NONE,,,,,,,,
3311,NONE,,,,,,,,
3312,NONE,,,,,,,,
3313,NONE,,,,,,,,
3314,NONE,,,,,,,,
3315,NONE,,,,,,,,
3316,NONE,,,,,,,,
3317,NONE,,,,,,,,
3318,NONE,,,,,,,,
3319,NONE,,,,,,,,
3320,NONE,,,,,,,,
3321,NONE,,,,,,,,
3322,NONE,,,,,,,,
3323,NONE,,,,,,,,
3324,NONE,,,,,,,,
3325,NONE,,,,,,,,
3326,NONE,,,,,,,,
3327,NONE,,,,,,,,
3328,NONE,,,,,,,,
3329,NONE,,,,,,,,
3330,NONE,,,,,,,,
3331,NONE,,,,,,,,
3332,NONE,,,,,,,,
3333,NONE,,,,,,,,
3334,NONE,,,,,,,,
3335,NONE,,,,,,,,
3336,NONE,,,,,,,,
3337,NONE,,,,,,,,
3338,NONE,,,,,,,,
3339,NONE,,,,,,,,
3340,NONE,,,,,,,,
3341,NONE,,,,,,,,
3342,NONE,,,,,,,,
3343,NONE,,,,,,,,
3344,NONE,,,,,,,,
3345,NONE,,,,,,,,
3346,NONE,,,,,,,,
3347,NONE,,,,,,,,
3348,NONE,,,,,,,,
3349,NONE,,,,,,,,
3350,NONE,,,,,,,,
3351,NONE,,,,,,,,
3352,NONE,,,,,,,,
3353,NONE,,,,,,,,
3354,NONE,,,,,,,,
3355,NONE,,,,,,,,
3356,NONE,,,,,,,,
3357,NONE,,,,,,,,
3358,NONE,,,,,,,,
3359,NONE,,,,,,,,
3360,NONE,,,,,,,,
3361,NONE,,,,,,,,
3362,NONE,,,,,,,,
3363,NONE,,,,,,,,
3364,NONE,,,,,,,,
3365,NONE,,,,,,,,
3366,NONE,,,,,,,,
3367,NONE,,,,,,,,
3368,NONE,,,,,,,,
3369,NONE,,,,,,,,
3370,NONE,,,,,,,,
3371,NONE,,,,,,,,
3372,NONE,,,,,,,,
3373,NONE,,,,,,,,
3374,NONE,,,,,,,,
3375,NONE,,,,,,,,
3376,NONE,,,,,,,,
3377,NONE,,,,,,,,
3378,NONE,,,,,,,,
3379,NONE,,,,,,,,
3380,NONE,,,,,,,,
3381,NONE,,,,,,,,
3382,NONE,,,,,,,,
3383,NONE,,,,,,,,
3384,NONE,,,,,,,,
3385,NONE,,,,,,,,
3386,NONE,,,,,,,,
3387,NONE,,,,,,,,
3388,NONE,,,,,,,,
3389,NONE,,,,,,,,
3390,NONE,,,,,,,,
3391,NONE,,,,,,,,
3392,NONE,,,,,,,,
3393,NONE,,,,,,,,
3394,NONE,,,,,,,,
3395,NONE,,,,,,,,
3396,NONE,,,,,,,,
3397,NONE,,,,,,,,
3398,NONE,,,,,,,,
3399,NONE,,,,,,,,
3400,NONE,,,,,,,,
3401,NONE,,,,,,,,
3402,NONE,,,,,,,,
3403,NONE,,,,,,,,
3404,NONE,,,,,,,,
3405,NONE,,,,,,,,
3406,NONE,,,,,,,,
3407,NONE,,,,,,,,
3408,NONE,,,,,,,,
3409,NONE,,,,,,,,
3410,NONE,,,,,,,,
3411,NONE,,,,,,,,
3412,NONE,,,,,,,,
3413,NONE,,,,,,,,
3414,NONE,,,,,,,,
3415,NONE,,,,,,,,
3416,NONE,,,,,,,,
3417,NONE,,,,,,,,
3418,NONE,,,,,,,,
3419,NONE,,,,,,,,
3420,NONE,,,,,,,,
3421,NONE,,,,,,,,
3422,NONE,,,,,,,,
3423,NONE,,,,,,,,
3424,NONE,,,,,,,,
3425,NONE,,,,,,,,
3426,NONE,,,,,,,,
3427,NONE,,,,,,,,
3428,NONE,,,,,,,,
3429,NONE,,,,,,,,
3430,NONE,,,,,,,,
3431,NONE,,,,,,,,
3432,NONE,,,,,,,,
3433,NONE,,,,,,,,
3434,NONE,,,,,,,,
3435,NONE,,,,,,,,
3436,NONE,,,,,,,,
3437,NONE,,,,,,,,
3438,NONE,,,,,,,,
3439,NONE,,,,,,,,
3440,NONE,,,,,,,,
3441,NONE,,,,,,,,
3442,NONE,,,,,,,,
3443,NONE,,,,,,,,
3444,NONE,,,,,,,,
3445,NONE,,,,,,,,
3446,NONE,,,,,,,,
3447,NONE,,,,,,,,
3448,NONE,,,,,,,,
3449,NONE,,,,,,,,
3450,NONE,,,,,,,,
3451,NONE,,,,,,,,
3452,NONE,,,,,,,,
3453,NONE,,,,,,,,
3454,NONE,,,,,,,,
3455,NONE,,,,,,,,
3456,NONE,,,,,,,,
3457,NONE,,,,,,,,
3458,NONE,,,,,,,,
3459,NONE,,,,,,,,
3460,NONE,,,,,,,,
3461,NONE,,,,,,,,
3462,NONE,,,,,,,,
3463,NONE,,,,,,,,
3464,NONE,,,,,,,,
3465,NONE,,,,,,,,
3466,NONE,,,,,,,,
3467,NONE,,,,,,,,
3468,NONE,,,,,,,,
3469,NONE,,,,,,,,
3470,NONE,,,,,,,,
3471,NONE,,,,,,,,
3472,NONE,,,,,,,,
3473,NONE,,,,,,,,
3474,NONE,,,,,,,,
3475,NONE,,,,,,,,
3476,NONE,,,,,,,,
3477,NONE,,,,,,,,
3478,NONE,,,,,,,,
3479,NONE,,,,,,,,
3480,NONE,,,,,,,,
3481,NONE,,,,,,,,
3482,NONE,,,,,,,,
3483,NONE,,,,,,,,
3484,NONE,,,,,,,,
3485,NONE,,,,,,,,
3486,NONE,,,,,,,,
3487,NONE,,,,,,,,
3488,NONE,,,,,,,,
3489,NONE,,,,,,,,
3490,NONE,,,,,,,,
3491,NONE,,,,,,,,
3492,NONE,,,,,,,,
3493,NONE,,,,,,,,
3494,NONE,,,,,,,,
3495,NONE,,,,,,,,
3496,NONE,,,,,,,,
3497,NONE,,,,,,,,
3498,NONE,,,,,,,,
3499,NONE,,,,,,,,
3500,NONE,,,,,,,,
3501,NONE,,,,,,,,
3502,NONE,,,,,,,,
3503,NONE,,,,,,,,
3504,NONE,,,,,,,,
3505,NONE,,,,,,,,
3506,NONE,,,,,,,,
3507,NONE,,,,,,,,
3508,NONE,,,,,,,,
3509,NONE,,,,,,,,
3510,NONE,,,,,,,,
3511,NONE,,,,,,,,
3512,NONE,,,,,,,,
3513,NONE,,,,,,,,
3514,NONE,,,,,,,,
3515,NONE,,,,,,,,
3516,NONE,,,,,,,,
3517,NONE,,,,,,,,
3518,NONE,,,,,,,,
3519,NONE,,,,,,,,
3520,NONE,,,,,,,,
3521,NONE,,,,,,,,
3522,NONE,,,,,,,,
3523,NONE,,,,,,,,
3524,NONE,,,,,,,,
3525,NONE,,,,,,,,
3526,NONE,,,,,,,,
3527,NONE,,,,,,,,
3528,NONE,,,,,,,,
3529,NONE,,,,,,,,
3530,NONE,,,,,,,,
3531,NONE,,,,,,,,
3532,NONE,,,,,,,,
3533,NONE,,,,,,,,
3534,NONE,,,,,,,,
3535,NONE,,,,,,,,
3536,NONE,,,,,,,,
3537,NONE,,,,,,,,
3538,NONE,,,,,,,,
3539,NONE,,,,,,,,
3540,NONE,,,,,,,,
3541,NONE,,,,,,,,
3542,NONE,,,,,,,,
3543,NONE,,,,,,,,
3544,NONE,,,,,,,,
3545,NONE,,,,,,,,
3546,NONE,,,,,,,,
3547,NONE,,,,,,,,
3548,NONE,,,,,,,,
3549,NONE,,,,,,,,
3550,NONE,,,,,,,,
3551,NONE,,,,,,,,
3552,NONE,,,,,,,,
3553,NONE,,,,,,,,
3554,NONE,,,,,,,,
3555,NONE,,,,,,,,
3556,NONE,,,,,,,,
3557,NONE,,,,,,,,
3558,NONE,,,,,,,,
3559,NONE,,,,,,,,
3560,NONE,,,,,,,,
3561,NONE,,,,,,,,
3562,NONE,,,,,,,,
3563,NONE,,,,,,,,
3564,NONE,,,,,,,,
3565,NONE,,,,,,,,
3566,NONE,,,,,,,,
3567,NONE,,,,,,,,
3568,NONE,,,,,,,,
3569,NONE,,,,,,,,
3570,NONE,,,,,,,,
3571,NONE,,,,,,,,
3572,NONE,,,,,,,,
3573,NONE,,,,,,,,
3574,NONE,,,,,,,,
3575,NONE,,,,,,,,
3576,NONE,,,,,,,,
3577,NONE,,,,,,,,
3578,NONE,,,,,,,,
3579,NONE,,,,,,,,
3580,NONE,,,,,,,,
3581,NONE,,,,,,,,
3582,NONE,,,,,,,,
3583,NONE,,,,,,,,
3584,NONE,,,,,,,,
3585,NONE,,,,,,,,
3586,NONE,,,,,,,,
3587,NONE,,,,,,,,
3588,NONE,,,,,,,,
3589,NONE,,,,,,,,
3590,NONE,,,,,,,,
3591,NONE,,,,,,,,
3592,NONE,,,,,,,,
3593,NONE,,,,,,,,
3594,NONE,,,,,,,,
3595,NONE,,,,,,,,
3596,NONE,,,,,,,,
3597,NONE,,,,,,,,
3598,NONE,,,,,,,,
3599,NONE,,,,,,,,
3600,NONE,,,,,,,,
3601,NONE,,,,,,,,
3602,NONE,,,,,,,,
3603,NONE,,,,,,,,
3604,NONE,,,,,,,,
3605,NONE,,,,,,,,
3606,NONE,,,,,,,,
3607,NONE,,,,,,,,
3608,NONE,,,,,,,,
3609,NONE,,,,,,,,
3610,NONE,,,,,,,,
3611,NONE,,,,,,,,
3612,NONE,,,,,,,,
3613,NONE,,,,,,,,
3614,NONE,,,,,,,,
3615,NONE,,,,,,,,
3616,NONE,,,,,,,,
3617,NONE,,,,,,,,
3618,NONE,,,,,,,,
3619,NONE,,,,,,,,
3620,NONE,,,,,,,,
3621,NONE,,,,,,,,
3622,NONE,,,,,,,,
3623,NONE,,,,,,,,
3624,NONE,,,,,,,,
3625,NONE,,,,,,,,
3626,NONE,,,,,,,,
3627,NONE,,,,,,,,
3628,NONE,,,,,,,,
3629,NONE,,,,,,,,
3630,NONE,,,,,,,,
3631,NONE,,,,,,,,
3632,NONE,,,,,,,,
3633,NONE,,,,,,,,
3634,NONE,,,,,,,,
3635,NONE,,,,,,,,
3636,NONE,,,,,,,,
3637,NONE,,,,,,,,
3638,NONE,,,,,,,,
3639,NONE,,,,,,,,
3640,NONE,,,,,,,,
3641,NONE,,,,,,,,
3642,NONE,,,,,,,,
3643,NONE,,,,,,,,
3644,NONE,,,,,,,,
3645,NONE,,,,,,,,
3646,NONE,,,,,,,,
3647,NONE,,,,,,,,
3648,NONE,,,,,,,,
3649,NONE,,,,,,,,
3650,NONE,,,,,,,,
3651,NONE,,,,,,,,
3652,NONE,,,,,,,,
3653,NONE,,,,,,,,
3654,NONE,,,,,,,,
3655,NONE,,,,,,,,
3656,NONE,,,,,,,,
3657,NONE,,,,,,,,
3658,NONE,,,,,,,,
3659,NONE,,,,,,,,
3660,NONE,,,,,,,,
3661,NONE,,,,,,,,
3662,NONE,,,,,,,,
3663,NONE,,,,,,,,
3664,NONE,,,,,,,,
3665,NONE,,,,,,,,
3666,NONE,,,,,,,,
3667,NONE,,,,,,,,
3668,NONE,,,,,,,,
3669,NONE,,,,,,,,
3670,NONE,,,,,,,,
3671,NONE,,,,,,,,
3672,NONE,,,,,,,,
3673,NONE,,,,,,,,
3674,NONE,,,,,,,,
3675,NONE,,,,,,,,
3676,NONE,,,,,,,,
3677,NONE,,,,,,,,
3678,NONE,,,,,,,,
3679,NONE,,,,,,,,
3680,NONE,,,,,,,,
3681,NONE,,,,,,,,
3682,NONE,,,,,,,,
3683,NONE,,,,,,,,
3684,NONE,,,,,,,,
3685,NONE,,,,,,,,
3686,NONE,,,,,,,,
3687,NONE,,,,,,,,
3688,NONE,,,,,,,,
3689,NONE,,,,,,,,
3690,NONE,,,,,,,,
3691,NONE,,,,,,,,
3692,NONE,,,,,,,,
3693,NONE,,,,,,,,
3694,NONE,,,,,,,,
3695,NONE,,,,,,,,
3696,NONE,,,,,,,,
3697,NONE,,,,,,,,
3698,NONE,,,,,,,,
3699,NONE,,,,,,,,
3700,NONE,,,,,,,,
3701,NONE,,,,,,,,
3702,NONE,,,,,,,,
3703,NONE,,,,,,,,
3704,NONE,,,,,,,,
3705,NONE,,,,,,,,
3706,NONE,,,,,,,,
3707,NONE,,,,,,,,
3708,NONE,,,,,,,,
3709,NONE,,,,,,,,
3710,NONE,,,,,,,,
3711,NONE,,,,,,,,
3712,NONE,,,,,,,,
3713,NONE,,,,,,,,
3714,NONE,,,,,,,,
3715,NONE,,,,,,,,
3716,NONE,,,,,,,,
3717,NONE,,,,,,,,
3718,NONE,,,,,,,,
3719,NONE,,,,,,,,
3720,NONE,,,,,,,,
3721,NONE,,,,,,,,
3722,NONE,,,,,,,,
3723,NONE,,,,,,,,
3724,NONE,,,,,,,,
3725,NONE,,,,,,,,
3726,NONE,,,,,,,,
3727,NONE,,,,,,,,
3728,NONE,,,,,,,,
3729,NONE,,,,,,,,
3730,NONE,,,,,,,,
3731,NONE,,,,,,,,
3732,NONE,,,,,,,,
3733,NONE,,,,,,,,
3734,NONE,,,,,,,,
3735,NONE,,,,,,,,
3736,NONE,,,,,,,,
3737,NONE,,,,,,,,
3738,NONE,,,,,,,,
3739,NONE,,,,,,,,
3740,NONE,,,,,,,,
3741,NONE,,,,,,,,
3742,NONE,,,,,,,,
3743,NONE,,,,,,,,
3744,NONE,,,,,,,,
3745,NONE,,,,,,,,
3746,NONE,,,,,,,,
3747,NONE,,,,,,,,
3748,NONE,,,,,,,,
3749,NONE,,,,,,,,
3750,NONE,,,,,,,,
3751,NONE,,,,,,,,
3752,NONE,,,,,,,,
3753,NONE,,,,,,,,
3754,NONE,,,,,,,,
3755,NONE,,,,,,,,
3756,NONE,,,,,,,,
3757,NONE,,,,,,,,
3758,NONE,,,,,,,,
3759,NONE,,,,,,,,
3760,NONE,,,,,,,,
3761,NONE,,,,,,,,
3762,NONE,,,,,,,,
3763,NONE,,,,,,,,
3764,NONE,,,,,,,,
3765,NONE,,,,,,,,
3766,NONE,,,,,,,,
3767,NONE,,,,,,,,
3768,NONE,,,,,,,,
3769,NONE,,,,,,,,
3770,NONE,,,,,,,,
3771,NONE,,,,,,,,
3772,NONE,,,,,,,,
3773,NONE,,,,,,,,
3774,NONE,,,,,,,,
3775,NONE,,,,,,,,
3776,NONE,,,,,,,,
3777,NONE,,,,,,,,
3778,NONE,,,,,,,,
3779,NONE,,,,,,,,
3780,NONE,,,,,,,,
3781,NONE,,,,,,,,
3782,NONE,,,,,,,,
3783,NONE,,,,,,,,
3784,NONE,,,,,,,,
3785,NONE,,,,,,,,
3786,NONE,,,,,,,,
3787,NONE,,,,,,,,
3788,NONE,,,,,,,,
3789,NONE,,,,,,,,
3790,NONE,,,,,,,,
3791,NONE,,,,,,,,
3792,NONE,,,,,,,,
3793,NONE,,,,,,,,
3794,NONE,,,,,,,,
3795,NONE,,,,,,,,
3796,NONE,,,,,,,,
3797,NONE,,,,,,,,
3798,NONE,,,,,,,,
3799,NONE,,,,,,,,
3800,NONE,,,,,,,,
3801,NONE,,,,,,,,
3802,NONE,,,,,,,,
3803,NONE,,,,,,,,
3804,NONE,,,,,,,,
3805,NONE,,,,,,,,
3806,NONE,,,,,,,,
3807,NONE,,,,,,,,
3808,NONE,,,,,,,,
3809,NONE,,,,,,,,
3810,NONE,,,,,,,,
3811,NONE,,,,,,,,
3812,NONE,,,,,,,,
3813,NONE,,,,,,,,
3814,NONE,,,,,,,,
3815,NONE,,,,,,,,
3816,NONE,,,,,,,,
3817,NONE,,,,,,,,
3818,NONE,,,,,,,,
3819,NONE,,,,,,,,
3820,NONE,,,,,,,,
3821,NONE,,,,,,,,
3822,NONE,,,,,,,,
3823,NONE,,,,,,,,
3824,NONE,,,,,,,,
3825,NONE,,,,,,,,
3826,NONE,,,,,,,,
3827,NONE,,,,,,,,
3828,NONE,,,,,,,,
3829,NONE,,,,,,,,
3830,NONE,,,,,,,,
3831,NONE,,,,,,,,
3832,NONE,,,,,,,,
3833,NONE,,,,,,,,
3834,NONE,,,,,,,,
3835,NONE,,,,,,,,
3836,NONE,,,,,,,,
3837,NONE,,,,,,,,
3838,NONE,,,,,,,,
3839,NONE,,,,,,,,
3840,NONE,,,,,,,,
3841,NONE,,,,,,,,
3842,NONE,,,,,,,,
3843,NONE,,,,,,,,
3844,NONE,,,,,,,,
3845,NONE,,,,,,,,
3846,NONE,,,,,,,,
3847,NONE,,,,,,,,
3848,NONE,,,,,,,,
3849,NONE,,,,,,,,
3850,NONE,,,,,,,,
3851,NONE,,,,,,,,
3852,NONE,,,,,,,,
3853,NONE,,,,,,,,
3854,NONE,,,,,,,,
3855,NONE,,,,,,,,
3856,NONE,,,,,,,,
3857,NONE,,,,,,,,
3858,NONE,,,,,,,,
3859,NONE,,,,,,,,
3860,NONE,,,,,,,,
3861,NONE,,,,,,,,
3862,NONE,,,,,,,,
3863,NONE,,,,,,,,
3864,NONE,,,,,,,,
3865,NONE,,,,,,,,
3866,NONE,,,,,,,,
3867,NONE,,,,,,,,
3868,NONE,,,,,,,,
3869,NONE,,,,,,,,
3870,NONE,,,,,,,,
3871,NONE,,,,,,,,
3872,NONE,,,,,,,,
3873,NONE,,,,,,,,
3874,NONE,,,,,,,,
3875,NONE,,,,,,,,
3876,NONE,,,,,,,,
3877,NONE,,,,,,,,
3878,NONE,,,,,,,,
3879,NONE,,,,,,,,
3880,NONE,,,,,,,,
3881,NONE,,,,,,,,
3882,NONE,,,,,,,,
3883,NONE,,,,,,,,
3884,NONE,,,,,,,,
3885,NONE,,,,,,,,
3886,NONE,,,,,,,,
3887,NONE,,,,,,,,
3888,NONE,,,,,,,,
3889,NONE,,,,,,,,
3890,NONE,,,,,,,,
3891,NONE,,,,,,,,
3892,NONE,,,,,,,,
3893,NONE,,,,,,,,
3894,NONE,,,,,,,,
3895,NONE,,,,,,,,
3896,NONE,,,,,,,,
3897,NONE,,,,,,,,
3898,NONE,,,,,,,,
3899,NONE,,,,,,,,
3900,NONE,,,,,,,,
3901,NONE,,,,,,,,
3902,NONE,,,,,,,,
3903,NONE,,,,,,,,
3904,NONE,,,,,,,,
3905,NONE,,,,,,,,
3906,NONE,,,,,,,,
3907,NONE,,,,,,,,
3908,NONE,,,,,,,,
3909,NONE,,,,,,,,
3910,NONE,,,,,,,,
3911,NONE,,,,,,,,
3912,NONE,,,,,,,,
3913,NONE,,,,,,,,
3914,NONE,,,,,,,,
3915,NONE,,,,,,,,
3916,NONE,,,,,,,,
3917,NONE,,,,,,,,
3918,NONE,,,,,,,,
3919,NONE,,,,,,,,
3920,NONE,,,,,,,,
3921,NONE,,,,,,,,
3922,NONE,,,,,,,,
3923,NONE,,,,,,,,
3924,NONE,,,,,,,,
3925,NONE,,,,,,,,
3926,NONE,,,,,,,,
3927,NONE,,,,,,,,
3928,NONE,,,,,,,,
3929,NONE,,,,,,,,
3930,NONE,,,,,,,,
3931,NONE,,,,,,,,
3932,NONE,,,,,,,,
3933,NONE,,,,,,,,
3934,NONE,,,,,,,,
3935,NONE,,,,,,,,
3936,NONE,,,,,,,,
3937,NONE,,,,,,,,
3938,NONE,,,,,,,,
3939,NONE,,,,,,,,
3940,NONE,,,,,,,,
3941,NONE,,,,,,,,
3942,NONE,,,,,,,,
3943,NONE,,,,,,,,
3944,NONE,,,,,,,,
3945,NONE,,,,,,,,
3946,NONE,,,,,,,,
3947,NONE,,,,,,,,
3948,NONE,,,,,,,,
3949,NONE,,,,,,,,
3950,NONE,,,,,,,,
3951,NONE,,,,,,,,
3952,NONE,,,,,,,,
3953,NONE,,,,,,,,
3954,NONE,,,,,,,,
3955,NONE,,,,,,,,
3956,NONE,,,,,,,,
3957,NONE,,,,,,,,
3958,NONE,,,,,,,,
3959,NONE,,,,,,,,
3960,NONE,,,,,,,,
3961,NONE,,,,,,,,
3962,NONE,,,,,,,,
3963,NONE,,,,,,,,
3964,NONE,,,,,,,,
3965,NONE,,,,,,,,
3966,NONE,,,,,,,,
3967,NONE,,,,,,,,
3968,NONE,,,,,,,,
3969,NONE,,,,,,,,
3970,NONE,,,,,,,,
3971,NONE,,,,,,,,
3972,NONE,,,,,,,,
3973,NONE,,,,,,,,
3974,NONE,,,,,,,,
3975,NONE,,,,,,,,
3976,NONE,,,,,,,,
3977,NONE,,,,,,,,
3978,NONE,,,,,,,,
3979,NONE,,,,,,,,
3980,NONE,,,,,,,,
3981,NONE,,,,,,,,
3982,NONE,,,,,,,,
3983,NONE,,,,,,,,
3984,NONE,,,,,,,,
3985,NONE,,,,,,,,
3986,NONE,,,,,,,,
3987,NONE,,,,,,,,
3988,NONE,,,,,,,,
3989,NONE,,,,,,,,
3990,NONE,,,,,,,,
3991,NONE,,,,,,,,
3992,NONE,,,,,,,,
3993,NONE,,,,,,,,
3994,NONE,,,,,,,,
3995,NONE,,,,,,,,
3996,NONE,,,,,,,,
3997,NONE,,,,,,,,
3998,NONE,,,,,,,,
3999,NONE,,,,,,,,
4000,NONE,,,,,,,,
4001,NONE,,,,,,,,
4002,NONE,,,,,,,,
4003,NONE,,,,,,,,
4004,NONE,,,,,,,,
4005,NONE,,,,,,,,
4006,NONE,,,,,,,,
4007,NONE,,,,,,,,
4008,NONE,,,,,,,,
4009,NONE,,,,,,,,
4010,NONE,,,,,,,,
4011,NONE,,,,,,,,
4012,NONE,,,,,,,,
4013,NONE,,,,,,,,
4014,NONE,,,,,,,,
4015,NONE,,,,,,,,
4016,NONE,,,,,,,,
4017,NONE,,,,,,,,
4018,NONE,,,,,,,,
4019,NONE,,,,,,,,
4020,NONE,,,,,,,,
4021,SKA,,,,,,,,
4022,SKA,,,,,,,,
4023,SKA,,,,,,,,
4024,SKA,,,,,,,,
4025,SKA,,,,,,,,
4026,ANT,,,,,,,,
4027,SKA,,,,,,,,
4028,ANT,,,,,,,,
4029,ANT,,,,,,,,
4030,SKA,,,,,,,,
4031,SKA,,,,,,,,
4032,SKA,,,,,,,,
4033,NUB,,,,,,,,
4034,ZAN,,,,,,,,
4035,NONE,,,,,,,,
4036,NONE,,,,,,,,
4037,ZAN,,,,,,,,
4038,ZAN,,,,,,,,
4039,ZAN,,,,,,,,
4040,ZAN,,,,,,,,
4041,NONE,,,,,,,,
4042,NONE,,,,,,,,
4043,NONE,,,,,,,,
4044,ZAN,,,,,,,,
4045,ZAN,,,,,,,,
4046,NONE,,,,,,,,
4047,ZAN,,,,,,,,
4048,ZAN,,,,,,,,
4049,ZAN,,,,,,,,
4050,NONE,,,,,,,,
4051,NONE,,,,,,,,
4052,NONE,,,,,,,,
4053,NONE,,,,,,,,
4054,NONE,,,,,,,,
4055,NONE,,,,,,,,
4056,NONE,,,,,,,,
4057,NONE,,,,,,,,
4058,NONE,,,,,,,,
4059,NONE,,,,,,,,
4060,NONE,,,,,,,,
4061,KRW,,,,,,,,
4062,KRW,,,,,,,,
4063,KRW,,,,,,,,
4064,BUG,,,,,,,,
4065,KRW,,,,,,,,
4066,KRW,,,,,,,,
4067,RWA,,,,,,,,
4068,RWA,,,,,,,,
4069,KRW,,,,,,,,
4070,BUU,,,,,,,,
4071,KRW,,,,,,,,
4072,KRW,,,,,,,,
4073,NONE,,,,,,,,
4074,BNY,,,,,,,,
4075,NONE,,,,,,,,
4076,NONE,,,,,,,,
4077,NONE,,,,,,,,
4078,KON,,,,,,,,
4079,KON,,,,,,,,
4080,KON,,,,,,,,
4081,KON,,,,,,,,
4082,KSJ,,,,,,,,
4083,KSJ,,,,,,,,
4084,KSJ,,,,,,,,
4085,YAK,,,,,,,,
4086,KON,,,,,,,,
4087,YAK,,,,,,,,
4088,KON,,,,,,,,
4089,KON,,,,,,,,
4090,KLD,,,,,,,,
4091,LND,,,,,,,,
4092,LND,,,,,,,,
4093,LND,,,,,,,,
4094,CKW,,,,,,,,
4095,CKW,,,,,,,,
4096,KLD,,,,,,,,
4097,LUB,,,,,,,,
4098,KIK,,,,,,,,
4099,KIK,,,,,,,,
4100,KZB,,,,,,,,
4101,KZB,,,,,,,,
4102,NONE,,,,,,,,
4103,KZB,,,,,,,,
4104,NONE,,,,,,,,
4105,LUB,,,,,,,,
4106,NONE,,,,,,,,
4107,KIK,,,,,,,,
4108,NONE,,,,,,,,
4109,NONE,,,,,,,,
4110,SCO,,,,,,,,
4111,PRO,,,,,,,,
4112,PRO,,,,,,,,
4113,SWE,,,,,,,,
4114,SWE,,,,,,,,
4115,LIT,,,,,,,,
4116,TEU,,,,,,,,
4117,TEU,,,,,,,,
4118,IRE,,,,,,,,
4119,IRE,,,,,,,,
4120,IRE,,,,,,,,
4121,IRE,,,,,,,,
4122,MOS,,,,,,,,
4123,SWE,,,,,,,,
4124,NOV,,,,,,,,
4125,RUM,,,,,,,,
4126,RUM,,,,,,,,
4127,RUM,,,,,,,,
4128,RUM,,,,,,,,
4129,MOS,,,,,,,,
4130,IRE,,,,,,,,
4131,JAP,,,,,,,,
4132,NONE,,,,,,,,
4133,NONE,,,,,,,,
4134,NONE,,,,,,,,
4135,NONE,,,,,,,,
4136,NONE,,,,,,,,
4137,NONE,,,,,,,,
4138,NONE,,,,,,,,
4139,NONE,,,,,,,,
4140,NONE,,,,,,,,
4141,HSA,,,,,,,,
4142,DAN,,,,,,,,
4143,SWE,,,,,,,,
4144,DAN,,,,,,,,
4145,DAN,,,,,,,,
4146,NONE,,,,,,,,
4147,TEU,,,,,,,,
4148,TEU,,,,,,,,
4149,DAN,,,,,,,,
4150,POR,,,,,,,,
4151,SWE,,,,,,,,
4152,SWE,,,,,,,,
4153,NONE,,,,,,,,
4154,NONE,,,,,,,,
4155,NONE,,,,,,,,
4156,NONE,,,,,,,,
4157,NONE,,,,,,,,
4158,ETH,,,,,,,,
4159,NONE,,,,,,,,
4160,NONE,,,,,,,,
4161,NONE,,,,,,,,
4162,NONE,,,,,,,,
4163,SWE,,,,,,,,
4164,SWE,,,,,,,,
4165,DAN,,,,,,,,
4166,SWE,,,,,,,,
4167,NONE,,,,,,,,
4168,NONE,,,,,,,,
4169,NONE,,,,,,,,
4170,NONE,,,,,,,,
4171,CRI,,,,,,,,
4172,NONE,,,,,,,,
4173,RUM,,,,,,,,
4174,RUM,,,,,,,,
4175,RUM,,,,,,,,
4176,RUM,,,,,,,,
4177,NONE,,,,,,,,
4178,NONE,,,,,,,,
4179,NONE,,,,,,,,
4180,JAP,,,,,,,,
4181,JAP,,,,,,,,
4182,JAP,,,,,,,,
4183,JAP,,,,,,,,
4184,JAP,,,,,,,,
4185,JAP,,,,,,,,
4186,JAP,,,,,,,,
4187,JAP,,,,,,,,
4188,JAP,,,,,,,,
4189,JAP,,,,,,,,
4190,JAP,,,,,,,,
4191,JAP,,,,,,,,
4192,JAP,,,,,,,,
4193,JAP,,,,,,,,
4194,CSH,,,,,,,,
4195,CSH,,,,,,,,
4196,MNG,,,,,,,,
4197,LNG,,,,,,,,
4198,CSH,,,,,,,,
4199,AYU,,,,,,,,
4200,MYR,,,,,,,,
4201,MJZ,,,,,,,,
4202,KRC,,,,,,,,
4203,OIR,,,,,,,,
4204,KAM,,,,,,,,
4205,PHA,,,,,,,,
4206,CHG,,,,,,,,
4207,CHG,,,,,,,,
4208,CHG,,,,,,,,
4209,KAS,,,,,,,,
4210,KAS,,,,,,,,
4211,SHU,,,,,,,,
4212,SHU,,,,,,,,
4213,SHU,,,,,,,,
4214,MYR,,,,,,,,
4215,MYR,,,,,,,,
4216,NHX,,,,,,,,
4217,NHX,,,,,,,,
4218,MYR,,,,,,,,
4219,OIR,,,,,,,,
4220,OIR,,,,,,,,
4221,OIR,,,,,,,,
4222,OIR,,,,,,,,
4223,CSH,,,,,,,,
4224,NONE,,,,,,,,
4225,NONE,,,,,,,,
4226,NONE,,,,,,,,
4227,KOR,,,,,,,,
4228,KOR,,,,,,,,
4229,KOR,,,,,,,,
4230,KOR,,,,,,,,
4231,KOR,,,,,,,,
4232,KOR,,,,,,,,
4233,NONE,,,,,,,,
4234,NONE,,,,,,,,
4235,NONE,,,,,,,,
4236,RUM,,,,,,,,
4237,SAX,,,,,,,,
4238,SAX,,,,,,,,
4239,RUM,,,,,,,,
4240,HUN,,,,,,,,
4241,TEU,,,,,,,,
4242,LIT,,,,,,,,
4243,LIT,,,,,,,,
4244,LIT,,,,,,,,
4245,LIT,,,,,,,,
4246,LIT,,,,,,,,
4247,TEU,,,,,,,,
4248,TEU,,,,,,,,
4249,LIT,,,,,,,,
4250,TEU,,,,,,,,
4251,TEU,,,,,,,,
4252,TEU,,,,,,,,
4253,TEU,,,,,,,,
4254,MOS,,,,,,,,
4255,TEU,,,,,,,,
4256,MOS,,,,,,,,
4257,NOV,,,,,,,,
4258,NOV,,,,,,,,
4259,MOS,,,,,,,,
4260,TEU,,,,,,,,
4261,TEU,,,,,,,,
4262,MOS,,,,,,,,
4263,MOS,,,,,,,,
4264,TEU,,,,,,,,
4265,CRI,,,,,,,,
4266,KAZ,,,,,,,,
4267,TEU,,,,,,,,
4268,TUN,,,,,,,,
4269,TUN,,,,,,,,
4270,SYR,,,,,,,,
4271,SYR,,,,,,,,
4272,MAM,,,,,,,,
4273,TUN,,,,,,,,
4274,ALH,,,,,,,,
4275,TUN,,,,,,,,
4276,NONE,,,,,,,,
4277,MAM,,,,,,,,
4278,MAM,,,,,,,,
4279,YEM,,,,,,,,
4280,YEM,,,,,,,,
4281,YEM,,,,,,,,
4282,YEM,,,,,,,,
4283,HDR,,,,,,,,
4284,HDR,,,,,,,,
4285,ORM,,,,,,,,
4286,TUN,,,,,,,,
4287,ORM,,,,,,,,
4288,QOM,,,,,,,,
4289,CRI,,,,,,,,
4290,QOM,,,,,,,,
4291,QOM,,,,,,,,
4292,MAM,,,,,,,,
4293,QOM,,,,,,,,
4294,QOM,,,,,,,,
4295,CRI,,,,,,,,
4296,QOM,,,,,,,,
4297,SYR,,,,,,,,
4298,RUM,,,,,,,,
4299,CRI,,,,,,,,
4300,QOM,,,,,,,,
4301,CRI,,,,,,,,
4302,CRI,,,,,,,,
4303,CRI,,,,,,,,
4304,QOM,,,,,,,,
4305,CRI,,,,,,,,
4306,CRI,,,,,,,,
4307,RUM,,,,,,,,
4308,RUM,,,,,,,,
4309,RUM,,,,,,,,
4310,RUM,,,,,,,,
4311,RUM,,,,,,,,
4312,RUM,,,,,,,,
4313,RUM,,,,,,,,
4314,RUM,,,,,,,,
4315,RUM,,,,,,,,
4316,TUN,,,,,,,,
4317,MAM,,,,,,,,
4318,MAM,,,,,,,,
4319,MAM,,,,,,,,
4320,MAM,,,,,,,,
4321,NONE,,,,,,,,
4322,NONE,,,,,,,,
4323,MAM,,,,,,,,
4324,TRS,,,,,,,,
4325,TRS,,,,,,,,
4326,TRS,,,,,,,,
4327,TUN,,,,,,,,
4328,NONE,,,,,,,,
4329,FRS,,,,,,,,
4330,FRS,,,,,,,,
4331,FRS,,,,,,,,
4332,FRS,,,,,,,,
4333,NONE,,,,,,,,
4334,TIM,,,,,,,,
4335,QOM,,,,,,,,
4336,TRS,,,,,,,,
4337,CRI,,,,,,,,
4338,QOM,,,,,,,,
4339,CRI,,,,,,,,
4340,CRI,,,,,,,,
4341,CRI,,,,,,,,
4342,QOM,,,,,,,,
4343,TRS,,,,,,,,
4344,TRS,,,,,,,,
4345,TIM,,,,,,,,
4346,NONE,,,,,,,,
4347,NONE,,,,,,,,
4348,NONE,,,,,,,,
4349,TDO,,,,,,,,
4350,TDO,,,,,,,,
4351,MAS,,,,,,,,
4352,CEB,,,,,,,,
4353,NONE,,,,,,,,
4354,NONE,,,,,,,,
4355,NONE,,,,,,,,
4356,NONE,,,,,,,,
4357,NONE,,,,,,,,
4358,NONE,,,,,,,,
4359,JAP,,,,,,,,
4360,JAP,,,,,,,,
4361,IRE,,,,,,,,
4362,IRE,,,,,,,,
4363,SCO,,,,,,,,
4364,SCO,,,,,,,,
4365,IRE,,,,,,,,
4366,IRE,,,,,,,,
4367,IRE,,,,,,,,
4368,IRE,,,,,,,,
4369,IRE,,,,,,,,
4370,IRE,,,,,,,,
4371,IRE,,,,,,,,
4372,IRE,,,,,,,,
4373,IRE,,,,,,,,
4374,IRE,,,,,,,,
4375,IRE,,,,,,,,
4376,IRE,,,,,,,,
4377,IRE,,,,,,,,
4378,IRE,,,,,,,,
4379,IRE,,,,,,,,
4380,IRE,,,,,,,,
4381,NED,,,,,,,,
4382,NED,,,,,,,,
4383,NED,,,,,,,,
4384,IRE,,,,,,,,
4385,IRE,,,,,,,,
4386,PRO,,,,,,,,
4387,PRO,,,,,,,,
4388,NED,,,,,,,,
4389,FRA,,,,,,,,
4390,NED,,,,,,,,
4391,PRO,,,,,,,,
4392,PRO,,,,,,,,
4393,BNG,,,,,,,,
4394,TAU,,,,,,,,
4395,BNG,,,,,,,,
4396,TAU,,,,,,,,
4397,HSE,,,,,,,,
4398,HSE,,,,,,,,
4399,AYU,,,,,,,,
4400,NONE,,,,,,,,
4401,NONE,,,,,,,,
4402,NONE,,,,,,,,
4403,NONE,,,,,,,,
4404,MKA,,,,,,,,
4405,HSE,,,,,,,,
4406,HSE,,,,,,,,
4407,VIJ,,,,,,,,
4408,VIJ,,,,,,,,
4409,VIJ,,,,,,,,
4410,VIJ,,,,,,,,
4411,DLH,,,,,,,,
4412,VIJ,,,,,,,,
4413,VIJ,,,,,,,,
4414,VIJ,,,,,,,,
4415,VIJ,,,,,,,,
4416,VIJ,,,,,,,,
4417,VIJ,,,,,,,,
4418,VIJ,,,,,,,,
4419,VIJ,,,,,,,,
4420,VIJ,,,,,,,,
4421,VIJ,,,,,,,,
4422,VIJ,,,,,,,,
4423,VIJ,,,,,,,,
4424,VIJ,,,,,,,,
4425,VIJ,,,,,,,,
4426,VIJ,,,,,,,,
4427,VIJ,,,,,,,,
4428,BAH,,,,,,,,
4429,VIJ,,,,,,,,
4430,GUJ,,,,,,,,
4431,BAH,,,,,,,,
4432,BAH,,,,,,,,
4433,BAH,,,,,,,,
4434,BAH,,,,,,,,
4435,BAH,,,,,,,,
4436,BAH,,,,,,,,
4437,BAH,,,,,,,,
4438,BAH,,,,,,,,
4439,BAH,,,,,,,,
4440,BNG,,,,,,,,
4441,BAH,,,,,,,,
4442,BAH,,,,,,,,
4443,BAH,,,,,,,,
4444,BAH,,,,,,,,
4445,ORI,,,,,,,,
4446,ORI,,,,,,,,
4447,ORI,,,,,,,,
4448,ORI,,,,,,,,
4449,DLH,,,,,,,,
4450,ORI,,,,,,,,
4451,ORI,,,,,,,,
4452,RTT,,,,,,,,
4453,GUJ,,,,,,,,
4454,GUJ,,,,,,,,
4455,GUJ,,,,,,,,
4456,GUJ,,,,,,,,
4457,GUJ,,,,,,,,
4458,MLW,,,,,,,,
4459,MLW,,,,,,,,
4460,MLW,,,,,,,,
4461,MLW,,,,,,,,
4462,TUN,,,,,,,,
4463,TUN,,,,,,,,
4464,DLH,,,,,,,,
4465,TUN,,,,,,,,
4466,DLH,,,,,,,,
4467,DLH,,,,,,,,
4468,ORI,,,,,,,,
4469,ORI,,,,,,,,
4470,ORI,,,,,,,,
4471,ORI,,,,,,,,
4472,ORI,,,,,,,,
4473,BNG,,,,,,,,
4474,BNG,,,,,,,,
4475,BNG,,,,,,,,
4476,BNG,,,,,,,,
4477,BNG,,,,,,,,
4478,BNG,,,,,,,,
4479,BNG,,,,,,,,
4480,GUJ,,,,,,,,
4481,PHA,,,,,,,,
4482,PHA,,,,,,,,
4483,GUG,,,,,,,,
4484,GUG,,,,,,,,
4485,GUG,,,,,,,,
4486,BNG,,,,,,,,
4487,ORI,,,,,,,,
4488,BNG,,,,,,,,
4489,ORI,,,,,,,,
4490,ORI,,,,,,,,
4491,DNG,,,,,,,,
4492,DTI,,,,,,,,
4493,DLH,,,,,,,,
4494,DLH,,,,,,,,
4495,DLH,,,,,,,,
4496,DLH,,,,,,,,
4497,DLH,,,,,,,,
4498,DLH,,,,,,,,
4499,DLH,,,,,,,,
4500,MEW,,,,,,,,
4501,TUN,,,,,,,,
4502,DLH,,,,,,,,
4503,TUN,,,,,,,,
4504,TUN,,,,,,,,
4505,TUN,,,,,,,,
4506,TUN,,,,,,,,
4507,DLH,,,,,,,,
4508,DLH,,,,,,,,
4509,PUN,,,,,,,,
4510,DLH,,,,,,,,
4511,DLH,,,,,,,,
4512,GUJ,,,,,,,,
4513,DLH,,,,,,,,
4514,PHA,,,,,,,,
4515,GUG,,,,,,,,
4516,GUG,,,,,,,,
4517,PHA,,,,,,,,
4518,PHA,,,,,,,,
4519,UTS,,,,,,,,
4520,GUG,,,,,,,,
4521,DLH,,,,,,,,
4522,NONE,,,,,,,,
4523,TEU,,,,,,,,
4524,TEU,,,,,,,,
4525,TEU,,,,,,,,
4526,TEU,,,,,,,,
4527,TEU,,,,,,,,
4528,TEU,,,,,,,,
4529,TEU,,,,,,,,
4530,TEU,,,,,,,,
4531,RUM,,,,,,,,
4532,RUM,,,,,,,,
4533,TEU,,,,,,,,
4534,TEU,,,,,,,,
4535,TEU,,,,,,,,
4536,LIT,,,,,,,,
4537,LIT,,,,,,,,
4538,TEU,,,,,,,,
4539,TEU,,,,,,,,
4540,TEU,,,,,,,,
4541,TEU,,,,,,,,
4542,TEU,,,,,,,,
4543,TEU,,,,,,,,
4544,LIT,,,,,,,,
4545,LIT,,,,,,,,
4546,CAS,,,,,,,,
4547,CAS,,,,,,,,
4548,CAS,,,,,,,,
4549,CAS,,,,,,,,
4550,PRO,,,,,,,,
4551,CAS,,,,,,,,
4552,CAS,,,,,,,,
4553,CAS,,,,,,,,
4554,CAS,,,,,,,,
4555,CAS,,,,,,,,
4556,IRE,,,,,,,,
4557,CAS,,,,,,,,
4558,CAS,,,,,,,,
4559,PRO,,,,,,,,
4560,MJO,,,,,,,,
4561,PRO,,,,,,,,
4562,TUN,,,,,,,,
4563,CAS,,,,,,,,
4564,CAS,,,,,,,,
4565,CAS,,,,,,,,
4566,TUN,,,,,,,,
4567,TUN,,,,,,,,
4568,MOR,,,,,,,,
4569,NONE,,,,,,,,
4570,AZT,,,,,,,,
4571,AZT,,,,,,,,
4572,MAT,,,,,,,,
4573,OTO,,,,,,,,
4574,TAR,,,,,,,,
4575,AZT,,,,,,,,
4576,XAL,,,,,,,,
4577,NONE,,,,,,,,
4578,XAL,,,,,,,,
4579,CLM,,,,,,,,
4580,CLM,,,,,,,,
4581,COI,,,,,,,,
4582,TEO,,,,,,,,
4583,TLX,,,,,,,,
4584,LAC,,,,,,,,
4585,LAC,,,,,,,,
4586,LAC,,,,,,,,
4587,KIC,,,,,,,,
4588,YOK,,,,,,,,
4589,CTM,,,,,,,,
4590,XIU,,,,,,,,
4591,COC,,,,,,,,
4592,NONE,,,,,,,,
4593,NONE,,,,,,,,
4594,ITZ,,,,,,,,
4595,NONE,,,,,,,,
4596,NONE,,,,,,,,
4597,NONE,,,,,,,,
4598,YOK,,,,,,,,
4599,NONE,,,,,,,,
4600,MCA,,,,,,,,
4601,NONE,,,,,,,,
4602,NONE,,,,,,,,
4603,MCA,,,,,,,,
4604,NONE,,,,,,,,
4605,NONE,,,,,,,,
4606,NONE,,,,,,,,
4607,NONE,,,,,,,,
4608,ARW,,,,,,,,
4609,NONE,,,,,,,,
4610,NONE,,,,,,,,
4611,NONE,,,,,,,,
4612,NONE,,,,,,,,
4613,NONE,,,,,,,,
4614,MCA,,,,,,,,
4615,NONE,,,,,,,,
4616,NONE,,,,,,,,
4617,NONE,,,,,,,,
4618,C00,,,,,,,,
4619,C00,,,,,,,,
4620,C00,,,,,,,,
4621,C00,,,,,,,,
4622,CAS,,,,,,,,
4623,CAS,,,,,,,,
4624,CAS,,,,,,,,
4625,ICH,,,,,,,,
4626,ICH,,,,,,,,
4627,HNI,,,,,,,,
4628,APA,,,,,,,,
4629,NONE,,,,,,,,
4630,NONE,,,,,,,,
4631,ISL,,,,,,,,
4632,KER,,,,,,,,
4633,NONE,,,,,,,,
4634,ZNI,,,,,,,,
4635,ZNI,,,,,,,,
4636,NONE,,,,,,,,
4637,YKT,,,,,,,,
4638,NONE,,,,,,,,
4639,NONE,,,,,,,,
4640,TON,,,,,,,,
4641,HST,,,,,,,,
4642,HST,,,,,,,,
4643,NONE,,,,,,,,
4644,NONE,,,,,,,,
4645,GAM,,,,,,,,
4646,NONE,,,,,,,,
4647,NONE,,,,,,,,
4648,NONE,,,,,,,,
4649,NONE,,,,,,,,
4650,NONE,,,,,,,,
4651,JAP,,,,,,,,
4652,CSH,,,,,,,,
4653,MJZ,,,,,,,,
4654,MJZ,,,,,,,,
4655,NHX,,,,,,,,
4656,NHX,,,,,,,,
4657,NONE,,,,,,,,
4658,MYR,,,,,,,,
4659,OIR,,,,,,,,
4660,MYR,,,,,,,,
4661,MHX,,,,,,,,
4662,OIR,,,,,,,,
4663,MJZ,,,,,,,,
4664,OIR,,,,,,,,
4665,MYR,,,,,,,,
4666,OIR,,,,,,,,
4667,OIR,,,,,,,,
4668,OIR,,,,,,,,
4669,OIR,,,,,,,,
4670,OIR,,,,,,,,
4671,OIR,,,,,,,,
4672,KRC,,,,,,,,
4673,OIR,,,,,,,,
4674,MYR,,,,,,,,
4675,KRC,,,,,,,,
4676,OIR,,,,,,,,
4677,OIR,,,,,,,,
4678,OIR,,,,,,,,
4679,OIR,,,,,,,,
4680,OIR,,,,,,,,
4681,CHG,,,,,,,,
4682,CHG,,,,,,,,
4683,CHG,,,,,,,,
4684,CHG,,,,,,,,
4685,CHG,,,,,,,,
4686,CHG,,,,,,,,
4687,CHG,,,,,,,,
4688,OIR,,,,,,,,
4689,CHG,,,,,,,,
4690,SIB,,,,,,,,
4691,NONE,,,,,,,,
4692,NOG,,,,,,,,
4693,KAS,,,,,,,,
4694,PRO,,,,,,,,
4695,PRO,,,,,,,,
4696,PRO,,,,,,,,
4697,PRO,,,,,,,,
4698,RUM,,,,,,,,
4699,RUM,,,,,,,,
4700,RUM,,,,,,,,
4701,RUM,,,,,,,,
4702,RUM,,,,,,,,
4703,RUM,,,,,,,,
4704,RUM,,,,,,,,
4705,RUM,,,,,,,,
4706,RUM,,,,,,,,
4707,LBV,,,,,,,,
4708,LBV,,,,,,,,
4709,UBV,,,,,,,,
4710,HAB,,,,,,,,
4711,LBV,,,,,,,,
4712,KNZ,,,,,,,,
4713,WUR,,,,,,,,
4714,BAD,,,,,,,,
4715,ROT,,,,,,,,
4716,SAX,,,,,,,,
4717,ANS,,,,,,,,
4718,MAI,,,,,,,,
4719,PRO,,,,,,,,
4720,GNV,,,,,,,,
4721,SWI,,,,,,,,
4722,TTL,,,,,,,,
4723,SAX,,,,,,,,
4724,BOH,,,,,,,,
4725,BOH,,,,,,,,
4726,SAX,,,,,,,,
4727,ITA,,,,,,,,
4728,ITA,,,,,,,,
4729,ITA,,,,,,,,
4730,ITA,,,,,,,,
4731,PAP,,,,,,,,
4732,ITA,,,,,,,,
4733,ITA,,,,,,,,
4734,PAP,,,,,,,,
4735,PRO,,,,,,,,
4736,PRO,,,,,,,,
4737,PRO,,,,,,,,
4738,RUM,,,,,,,,
4739,ITA,,,,,,,,
4740,ITA,,,,,,,,
4741,SAX,,,,,,,,
4742,GOS,,,,,,,,
4743,SAX,,,,,,,,
4744,SAX,,,,,,,,
4745,BRA,,,,,,,,
4746,BRA,,,,,,,,
4747,TEU,,,,,,,,
4748,SAX,,,,,,,,
4749,MKL,,,,,,,,
4750,RUM,,,,,,,,
4751,CLI,,,,,,,,
4752,RUM,,,,,,,,
4753,RUM,,,,,,,,
4754,RUM,,,,,,,,
4755,RUM,,,,,,,,
4756,CLI,,,,,,,,
4757,RUM,,,,,,,,
4758,HAB,,,,,,,,
4759,RUM,,,,,,,,
4760,LBV,,,,,,,,
4761,HAB,,,,,,,,
4762,HAB,,,,,,,,
4763,NONE,,,,,,,,
4764,PRO,,,,,,,,
4765,MLH,,,,,,,,
4766,PRO,,,,,,,,
4767,PAL,,,,,,,,
4768,BRG,,,,,,,,
4769,NED,,,,,,,,
4770,NED,,,,,,,,
4771,HSA,,,,,,,,
4772,HSA,,,,,,,,
4773,BRU,,,,,,,,
4774,WBG,,,,,,,,
4775,BRG,,,,,,,,
4776,FRA,,,,,,,,
4777,FRA,,,,,,,,
4778,SAX,,,,,,,,
4779,RUM,,,,,,,,
4780,RUM,,,,,,,,
4781,NONE,,,,,,,,
4782,NONE,,,,,,,,
4783,NONE,,,,,,,,
4784,NONE,,,,,,,,
4785,IRE,,,,,,,,
4786,HSA,,,,,,,,
4787,POR,,,,,,,,
4788,CAS,,,,,,,,
4789,CAS,,,,,,,,
4790,SUN,,,,,,,,
4791,SUN,,,,,,,,
4792,SUN,,,,,,,,
4793,SUN,,,,,,,,
4794,BLM,,,,,,,,
4795,BNE,,,,,,,,
4796,NONE,,,,,,,,
4797,BNE,,,,,,,,
4798,BNE,,,,,,,,
4799,KUT,,,,,,,,
4800,KUT,,,,,,,,
4801,BNJ,,,,,,,,
4802,LFA,,,,,,,,
4803,LFA,,,,,,,,
4804,BEI,,,,,,,,
4805,BEI,,,,,,,,
4806,BEI,,,,,,,,
4807,NONE,,,,,,,,
4808,NONE,,,,,,,,
4809,PSA,,,,,,,,
4810,PSA,,,,,,,,
4811,PSA,,,,,,,,
4812,MLC,,,,,,,,
4813,KED,,,,,,,,
4814,KED,,,,,,,,
4815,MLC,,,,,,,,
4816,MLC,,,,,,,,
4817,PGR,,,,,,,,
4818,PGR,,,,,,,,
4819,DAI,,,,,,,,
4820,DAI,,,,,,,,
4821,DAI,,,,,,,,
4822,DAI,,,,,,,,
4823,DAI,,,,,,,,
4824,DAI,,,,,,,,
4825,AYU,,,,,,,,
4826,AYU,,,,,,,,
4827,KHM,,,,,,,,
4828,AYU,,,,,,,,
4829,AYU,,,,,,,,
4830,AYU,,,,,,,,
4831,AYU,,,,,,,,
4832,AYU,,,,,,,,
4833,AYU,,,,,,,,
4834,AYU,,,,,,,,
4835,AYU,,,,,,,,
4836,AYU,,,,,,,,
4837,MMA,,,,,,,,
4838,AYU,,,,,,,,
4839,AYU,,,,,,,,
4840,CHK,,,,,,,,
4841,AYU,,,,,,,,
4842,AYU,,,,,,,,
4843,NONE,,,,,,,,
4844,NONE,,,,,,,,
4845,NONE,,,,,,,,
4846,YOL,,,,,,,,
4847,NONE,,,,,,,,
4848,NONE,,,,,,,,
4849,NONE,,,,,,,,
4850,AWN,,,,,,,,
4851,NONE,,,,,,,,
4852,NONE,,,,,,,,
4853,NONE,,,,,,,,
4854,NONE,,,,,,,,
4855,NONE,,,,,,,,
4856,NONE,,,,,,,,
4857,NONE,,,,,,,,
4858,NONE,,,,,,,,
4859,NONE,,,,,,,,
4860,GMI,,,,,,,,
4861,NONE,,,,,,,,
4862,NONE,,,,,,,,
4863,MLG,,,,,,,,
4864,NONE,,,,,,,,
4865,LAR,,,,,,,,
4866,NONE,,,,,,,,
4867,NONE,,,,,,,,
4868,NONE,,,,,,,,
4869,WRU,,,,,,,,
4870,NONE,,,,,,,,
4871,NONE,,,,,,,,
4872,WEN,,,,,,,,
4873,NONE,,,,,,,,
4874,NONE,,,,,,,,
4875,NONE,,,,,,,,
4876,NONE,,,,,,,,
4877,POW,,,,,,,,
4878,NONE,,,,,,,,
4879,CHO,,,,,,,,
4880,ALT,,,,,,,,
4881,ICH,,,,,,,,
4882,ALT,,,,,,,,
4883,ATA,,,,,,,,
4884,CHO,,,,,,,,
4885,NTC,,,,,,,,
4886,NTC,,,,,,,,
4887,F00,,,,,,,,
4888,NONE,,,,,,,,
4889,COF,,,,,,,,
4890,HUR,,,,,,,,
4891,NONE,,,,,,,,
4892,NONE,,,,,,,,
4893,NONE,,,,,,,,
4894,NONE,,,,,,,,
4895,HUR,,,,,,,,
4896,C01,,,,,,,,
4897,NONE,,,,,,,,
4898,NONE,,,,,,,,
4899,NONE,,,,,,,,
4900,NONE,,,,,,,,
4901,NONE,,,,,,,,
4902,NONE,,,,,,,,
4903,NONE,,,,,,,,
4904,NONE,,,,,,,,
4905,PEO,,,,,,,,
4906,NONE,,,,,,,,
4907,HUR,,,,,,,,
4908,NONE,,,,,,,,
4909,WIC,,,,,,,,
4910,NONE,,,,,,,,
4911,NTC,,,,,,,,
4912,NONE,,,,,,,,
4913,F00,,,,,,,,
4914,NONE,,,,,,,,
4915,COM,,,,,,,,
4916,NONE,,,,,,,,
4917,NONE,,,,,,,,
4918,ARP,,,,,,,,
4919,NONE,,,,,,,,
4920,NONE,,,,,,,,
4921,NONE,,,,,,,,
4922,CLG,,,,,,,,
4923,F00,,,,,,,,
4924,NONE,,,,,,,,
4925,NONE,,,,,,,,
4926,NONE,,,,,,,,
4927,NONE,,,,,,,,
4928,NONE,,,,,,,,
4929,NONE,,,,,,,,
4930,NONE,,,,,,,,
4931,NONE,,,,,,,,
4932,NONE,,,,,,,,
4933,NONE,,,,,,,,
4934,MAU,,,,,,,,
4935,OAH,,,,,,,,
4936,KAA,,,,,,,,
4937,LAI,,,,,,,,
4938,VNL,,,,,,,,
4939,MAA,,,,,,,,
4940,NONE,,,,,,,,
4941,NONE,,,,,,,,
